Date,Description,URL
3.3 Mya - 2.6 Mya,"Stone tools - found in present-day Kenya, they are so old that only a pre-human species could have invented them.[1] The otherwise earliest known stone tools (Oldowan) were found in Ethiopia[2] developed perhaps by Australopithecus garhi or Homo habilis[3][4][further explanation needed]",https://en.wikipedia.org/wiki/Stone_tool
2.3 Mya,"Earliest likely control of fire and cooking, by Homo habilis[5][6][7]",https://en.wikipedia.org/wiki/Control_of_fire_by_early_humans
1.76 Mya,Advanced (Acheulean) stone tools in Kenya by Homo erectus[8][9],https://en.wikipedia.org/wiki/Acheulean
1.75 Mya - 150 kya,Varying estimates for the origin of language[10][11],https://en.wikipedia.org/wiki/Origin_of_language
1.5 Mya,Bone tools in Africa[12],https://en.wikipedia.org/wiki/Bone_tool
900 kya - 40 kya,Boats[13][14],https://en.wikipedia.org/wiki/Boat
500 kya,Hafting in South Africa[15],https://en.wikipedia.org/wiki/Hafting
450 kya - 500 kya,Woodworking construction in Zambia[16],https://en.wikipedia.org/wiki/Woodworking
400 kya,Pigments in Zambia[17],https://en.wikipedia.org/wiki/Pigment
400 kya - 300 kya,Spears in Germany[18][19] likely by Homo heidelbergensis,https://en.wikipedia.org/wiki/Spear
320 kya,"The trade and long-distance transportation of resources (e.g. obsidian), use of pigments, and possible making of projectile points in Kenya[20][21][22]",https://en.wikipedia.org/wiki/Trade
279 kya,Early stone-tipped projectile weapons in Ethiopia[23],https://en.wikipedia.org/wiki/Projectile_weapons
200 kya,"Glue in Central Italy by Neanderthals.[24] More complicated compound adhesives developed by Homo sapiens have been found from c. 70 kya Sibudu, South Africa[25] and have been regarded as a sign of cognitive advancement.[26]",https://en.wikipedia.org/wiki/Glue
200 kya,Beds in South Africa.[27][28][29],https://en.wikipedia.org/wiki/Beds
170 kya - 83 kya,"Clothing (among anatomically modern humans in Africa).[30] Some other evidence suggests that humans may have begun wearing clothing as far back as 100,000 to 500,000 years ago.[31]",https://en.wikipedia.org/wiki/History_of_clothing_and_textiles
164 kya - 47 kya,Heat treating of stone blades in South Africa.[32],https://en.wikipedia.org#cite_note-33
135 kya - 100 kya,Beads in Israel and Algeria[33],https://en.wikipedia.org/wiki/Bead
100 kya,Compound paints made in South Africa[34][35][36],https://en.wikipedia.org/wiki/Paints
100 kya,Funerals (in the form of burial) in Israel[37],https://en.wikipedia.org/wiki/Burial
90 kya,Harpoons in the Democratic Republic of the Congo.[38],https://en.wikipedia.org/wiki/Harpoons
70 kya - 60 kya,"Oldest arrows (and evidence of bow-and-arrow technology), and oldest needle, at Sibudu, South Africa[39][40][41][42][43]",https://en.wikipedia.org/wiki/Arrow
61 kya - 62 kya,Cave painting in Spain by Neanderthal[44],https://en.wikipedia.org/wiki/Cave_painting
49 kya - 30 kya,"Ground stone tools - fragments of an axe in Australia date to 49-45 ka, more appear in Japan closer to 30 ka, and elsewhere closer to the Neolithic.[45][46]",https://en.wikipedia.org/wiki/Ground_stone
47 kya,"The oldest-known mines in the world are from Eswatini, and extracted hematite for the production of the red pigment ochre.[47][48]",https://en.wikipedia.org/wiki/Ochre
45 kya - 9 kya,"Earliest evidence of shoes, suggested by changes in foot bone morphology in China by Tianyuan Man.[49] The earliest physical shoes found so far are bark sandals dated to 10 to 9 kya in Fort Rock Cave, United States.[50]",https://en.wikipedia.org/wiki/Shoes
44 kya - 42 kya,Tally sticks (see Lebombo bone) in Eswatini[51],https://en.wikipedia.org/wiki/Tally_sticks
42 kya,Flute in Germany[52][53],https://en.wikipedia.org/wiki/Flute
37 kya,Mortar and pestle in Southwest Asia[54],https://en.wikipedia.org/wiki/Mortar_and_pestle
36 kya,"Weaving - Indirect evidence from Moravia[55][56] and Georgia.[57] The earliest actual piece of woven cloth was found in Çatalhöyük, Turkey.[58][59]",https://en.wikipedia.org/wiki/Weaving
33 kya - 10 kya,Star chart in France[60] and Spain[61],https://en.wikipedia.org/wiki/Star_chart
28 kya,Rope[62],https://en.wikipedia.org/wiki/Rope
26 kya,Ceramics in Europe[63],https://en.wikipedia.org/wiki/Ceramics
23 kya,Domestication of the dog in Siberia.[64],https://en.wikipedia.org/wiki/Domestication_of_the_dog
22 kya,Fishing hook in Okinawa Island modern day Japan.[65][66],https://en.wikipedia.org/wiki/Fishing_hook
16 kya,Pottery in China[67],https://en.wikipedia.org/wiki/Pottery
14.5 kya,Bread in Jordan[68][69],https://en.wikipedia.org/wiki/Bread
"10,000 BC - 9000 BC:",Agriculture in the Fertile Crescent[70][71],https://en.wikipedia.org/wiki/Agriculture
"10,000 BC - 9000 BC:","Domestication of sheep in Southwest Asia[72][73] (followed shortly by pigs, goats and cattle)",https://en.wikipedia.org/wiki/Domestication
9000 BC - 6000 BC,Domestication of rice in China[74],https://en.wikipedia.org/wiki/Rice
9000 BC,"Oldest known surviving building - Göbekli Tepe, in Turkey[75]",https://en.wikipedia.org/wiki/List_of_oldest_known_surviving_buildings
9000 BC,"Mudbricks, and clay mortar in Jericho.[76][77][78]",https://en.wikipedia.org/wiki/Mudbricks
8400 BC,Oldest known water well in Cyprus.[79],https://en.wikipedia.org/wiki/Well
8000 BC - 7500 BC,"Proto-city - large permanent settlements, such as Tell es-Sultan (Jericho) and Çatalhöyük, Turkey.[80]",https://en.wikipedia.org/wiki/Proto-city
7000 BC,"Alcohol fermentation - specifically mead, in China[81]",https://en.wikipedia.org/wiki/Ethanol_fermentation#Alcoholic_beverages
7000 BC,"Sled dog and Dog sled, in Siberia.[82]",https://en.wikipedia.org/wiki/Sled_dog
7000 BC,"Tanned leather in Mehrgarh, Pakistan.",https://en.wikipedia.org/wiki/Tanning_(leather)
6500 BC,"Evidence of lead smelting in Çatalhöyük, Turkey[83]",https://en.wikipedia.org/wiki/Lead_smelting
6000 BC,Kiln in Mesopotamia (Iraq)[84],https://en.wikipedia.org/wiki/Kiln
6th millennium BC,"Irrigation in Khuzistan, Iran[85][86]",https://en.wikipedia.org/wiki/Irrigation
6000 BC - 3200 BC,"Proto-writing in present-day Egypt, Iraq, Romania, China, India and Pakistan.[87]",https://en.wikipedia.org/wiki/Proto-writing
5500 BC,"Sailing - pottery depictions of sail boats, in Mesopotamia,[88] and later ancient Egypt[89][90]",https://en.wikipedia.org/wiki/Sailing
5000 BC,Copper smelting in Serbia[91],https://en.wikipedia.org/wiki/Smelting#Copper_and_bronze
5000 BC,Seawall in Tel Hreiz.[92],https://en.wikipedia.org/wiki/Seawall
5th millennium BC,Lacquer in China[93][94],https://en.wikipedia.org/wiki/Lacquer
5000 BC,"Cotton thread, in Mehrgarh, Pakistan, connecting the copper beads of a bracelet.[95][96][97]",https://en.wikipedia.org/wiki/Cotton
5000 BC - 4500 BC,Rowing oars in China[98][99],https://en.wikipedia.org/wiki/Oar
4650 BC,"Copper-tin bronze found at the Pločnik (Serbia) site, and belonging to the Vinča culture, believed to be produced from smelting a natural tin baring copper ore, Stannite.[100]",https://en.wikipedia.org/wiki/Plo%C4%8Dnik_(archaeological_site)
4500 BC - 3500 BC,Lost-wax casting in Israel[101] or the Indus Valley[102],https://en.wikipedia.org/wiki/Lost-wax_casting
4400 BC,Fired bricks in China.[103],https://en.wikipedia.org/wiki/Brick#Fired_brick
4000 BC,"Probable time period of the first diamond-mines in the world, in Southern India.[104]",https://en.wikipedia.org#cite_note-hershey-105
4000 BC,"Paved roads, in and around the Mesopotamian city of Ur, Iraq.[105]",https://en.wikipedia.org/wiki/Ur
4000 BC,"Plumbing. The earliest pipes were made of clay, and are found at the Temple of Bel at Nippur in Babylonia.[106][nb 2]",https://en.wikipedia.org/wiki/Plumbing
4000 BC - 3500 BC,"Wheel: potter's wheels in Mesopotamia and wheeled vehicles in Mesopotamia (Sumerian civilization), the Northern Caucasus (Maykop culture) and Central Europe (Cucuteni-Trypillia culture).[109][110][111]",https://en.wikipedia.org/wiki/Wheel
3630 BC,Silk garments (sericulture) in China[112],https://en.wikipedia.org/wiki/Sericulture
3500 BC,Probable first domestication of the horse in the Eurasian Steppes.[113][114][115],https://en.wikipedia.org/wiki/Domestication_of_the_horse
3500 BC,Wine as general anesthesia in Sumer.[116],https://en.wikipedia.org/wiki/General_anesthesia
3500 BC,"Seal (emblem) invented around in the Near East, at the contemporary sites of Uruk in southern Mesopotamia and slightly later at Susa in south-western Iran during the Proto-Elamite period, and they follow the development of stamp seals in the Halaf culture or slightly earlier.[117]",https://en.wikipedia.org/wiki/Seal_(emblem)
3500 BC,"Ploughing, on a site in Bubeneč, Czech Republic.[118] Evidence, c. 2800 BC, has also been found at Kalibangan, Indus Valley (modern-day India).[119]",https://en.wikipedia.org/wiki/Ploughing
3400 BC - 3100 BC,Tattoos in southern Europe[120][121],https://en.wikipedia.org/wiki/Tattoo
Late 4th millennium BC,Writing - in Sumer and Egypt.[122][123][124][125],https://en.wikipedia.org/wiki/Writing
3300 BC,"City in Uruk, Sumer, Mesopotamia (modern-day Iraq).[126]",https://en.wikipedia.org/wiki/City
3200 BC,"Dry Latrines in the city of Uruk, Iraq, with later dry squat Toilets, that added raised fired brick foot platforms, and pedestal toilets, all over clay pipe constructed drains.[127][128][129]",https://en.wikipedia.org/wiki/Latrine
3000 BC,"Devices functionally equivalent to dice, in the form of flat two-sided throwsticks, are seen in the Egyptian game of Senet.[130] Perhaps the oldest known dice, resembling modern ones, were excavated as part of a backgammon-like game set at the Burnt City, an archeological site in south-eastern Iran, estimated to be from between 2800 and 2500 BC.[131][132] Later, terracotta dice were used at the Indus Valley site of Mohenjo-daro (modern-day Pakistan).[133]",https://en.wikipedia.org/wiki/Dice
3000 BC,Tin extraction in Central Asia[134],https://en.wikipedia.org/wiki/Tin
3000 BC - 2560 BC,Papyrus in Egypt[135][136][137][138],https://en.wikipedia.org/wiki/Papyrus
3000 BC,"Reservoir in Girnar, Indus Valley (modern-day India).[139]",https://en.wikipedia.org/wiki/Reservoir
3000 BC,Receipt in Ancient Mesopotamia (Iraq)[140],https://en.wikipedia.org/wiki/Receipt
3000 BC - 2500 BC,Rhinoplasty in Egypt.[141][142],https://en.wikipedia.org/wiki/Rhinoplasty
2650 BC,"The Ruler, or Measuring rod, in the subdivided Nippur, copper rod, of the Sumerian Civilisation (modern-day Iraq). [nb 3]",https://en.wikipedia.org/wiki/Ruler
2600 BC,"Planned city in Indus Valley (modern-day: India, Pakistan).[144][145]",https://en.wikipedia.org/wiki/Planned_city
2600 BC,"Public sewage and sanitation systems in Indus Valley sites such as Mohenjo-daro and Rakhigarhi (modern-day: India, Pakistan).[146]",https://en.wikipedia.org/wiki/Sanitation_of_the_Indus_Valley_Civilisation
2600 BC,"Public bath in Mohenjo-daro, Indus Valley (modern-day Pakistan).[147]","https://en.wikipedia.org/wiki/Great_Bath,_Mohenjo-daro"
2600 BC,Levee in Indus Valley.[148],https://en.wikipedia.org/wiki/Levee
2600 BC,"Balance weights and scales, from the Fourth Dynasty of Egypt; examples of Deben (unit) balance weights, from reign of Sneferu (c. 2600 BC) have been attributed.[149]",https://en.wikipedia.org/wiki/Weighing_scale
2556 BC,"Docks structure in Wadi al-Jarf, Egypt, which was developed by the reign of the Pharaoh Khufu.[150][138] [nb 4]",https://en.wikipedia.org/wiki/Dock_(maritime)
2500 BC,Puppetry in the Indus Valley.[157][158],https://en.wikipedia.org/wiki/Puppetry
2400 BC,Fork in Bronze Age Qijia culture in China[159],https://en.wikipedia.org/wiki/Fork
2400 BC,"Copper pipes, the Pyramid of Sahure, an adjoining temple complex at Abusir, was discovered to have a network of copper drainage pipes.[108]",https://en.wikipedia.org/wiki/History_of_water_supply_and_sanitation#Ancient_Egypt
2400 BC,Touchstone in the Indus Valley site of Banawali (modern-day India).[160],https://en.wikipedia.org/wiki/Touchstone_(assaying_tool)
2300 BC,Dictionary in Mesopotamia.[161],https://en.wikipedia.org/wiki/Dictionary
2200 BC,"Protractor, Phase IV, Lothal, Indus Valley (modern-day India), a Xancus shell cylinder with sawn grooves, at right angles, in its top and bottom surfaces, has been proposed as an angle marking tool.[162][163]",https://en.wikipedia.org/wiki/Protractor
2000 BC,"Water clock by at least the old Babylonian period (c. 2000 - c. 1600 BC),[164] but possibly earlier from Mohenjo-Daro in the Indus Valley.[165]",https://en.wikipedia.org/wiki/Water_clock
2000 BC,Chariot in Russia and Kazakhstan[166],https://en.wikipedia.org/wiki/Chariot
2000 BC,"Fountain in Lagash, Sumer",https://en.wikipedia.org/wiki/Fountain
2000 BC,"Scissors, in Mesopotamia.[167]",https://en.wikipedia.org/wiki/Scissors
1850 BC,Proto-alphabet (Proto-Sinaitic script) in Egypt.[168],https://en.wikipedia.org/wiki/Proto-Sinaitic_script
1600 BC,Surgical treatise appeared in Egypt.[169],https://en.wikipedia.org/wiki/Edwin_Smith_Papyrus
1500 BC,Sundial in Ancient Egypt[170] or Babylonia (modern-day Iraq).,https://en.wikipedia.org/wiki/Sundial
1500 BC,Glass manufacture in either Mesopotamia or Ancient Egypt[171],https://en.wikipedia.org/wiki/Glass
1500 BC,Seed drill in Babylonia[172],https://en.wikipedia.org/wiki/Seed_drill
1400 BC,"Rubber, Mesoamerican ballgame.[173][174]",https://en.wikipedia.org/wiki/Mesoamerican_rubber_balls
1400 BC - 1200 BC,"Concrete in Tiryns (Mycenaean Greece).[175][176] Waterproof concrete was later developed by the Assyrians in 688 BC,[177] and the Romans developed concretes that could set underwater.[178] The Romans later used concrete extensively for construction from 300 BC to 476 AD.[179]",https://en.wikipedia.org/wiki/Concrete
1300 BC,Lathe in Ancient Egypt[180],https://en.wikipedia.org/wiki/Lathe
1300 BC,Iron smelting in the Hittite Empire of the Middle East.[181][182],https://en.wikipedia.org/wiki/Iron_smelting
1200 BC,Distillation is described on Akkadian tablets documenting perfumery operations.[183],https://en.wikipedia.org/wiki/Distillation
700 BC,Saddle (fringed cloths or pads used by Assyrian cavalry)[184],https://en.wikipedia.org/wiki/Saddle
650 BC,Crossbow in China.[185],https://en.wikipedia.org/wiki/Crossbow
650 BC,Windmills in Persia,https://en.wikipedia.org/wiki/Persia
600 BC,Coins in Phoenicia (Modern Lebanon) or Lydia[186],https://en.wikipedia.org/wiki/Coins
Late 7th or early 6th century BC,Wagonway called Diolkos across the Isthmus of Corinth in Ancient Greece,https://en.wikipedia.org/wiki/Wagonway
6th century BC - 10th century AD,"High Carbon Steel, produced by the Closed Crucible method, later known as Wootz steel, of South India.[188][189][nb 6]",https://en.wikipedia.org/wiki/Steel#Wootz_steel_and_Damascus_steel
6th century BC,"University in Taxila, of the Indus Valley, then part of the kingdom of Gandhara, of the Achaemenid Empire (modern-day Pakistan).",https://en.wikipedia.org/wiki/University
6th century - 2nd century BC,"Systematization of medicine and surgery in the Sushruta Samhita in Vedic Northern India.[191][192][193] Documented procedures to:
Perform cataract surgery (couching). Babylonian and Egyptian texts, a millennium before, depict and mention oculists, but not the procedure itself.[194]
Perform Caesarean section.[195]
Construct Prosthetic limbs.[195]
Perform Plastic surgery, though reconstructive nasal surgery is described in millennia older Egyptian papyri.[195][196]",https://en.wikipedia.org/wiki/Sushruta_Samhita
Late 6th century BC,"Crank motion (rotary quern) in Carthage[197] or 5th century BC Celtiberian Spain[198][199] Later during the Roman empire, a mechanism appeared that incorporated a connecting rod.",https://en.wikipedia.org/wiki/Crank_(mechanism)
Before 5th century BC,Loan deeds in Upanishadic India.[200],https://en.wikipedia.org/wiki/Deed
515 BC,Crane in Ancient Greece[201],https://en.wikipedia.org/wiki/Crane_(machine)
500 BC,Lighthouse in Greece[202],https://en.wikipedia.org/wiki/Lighthouse
500 - 200 BC,"Toe stirrup, depicted in 2nd century Buddhist art, of the Sanchi and Bhaja Caves, of the Deccan Satavahana empire (modern-day India)[203][204] although may have originated as early as 500 BC.[205]",https://en.wikipedia.org/wiki/Stirrup#Precursors
485 BC,"Catapult by Ajatashatru in Magadha, India.[206][207]",https://en.wikipedia.org/wiki/Catapult
485 BC,"Scythed chariot by Ajatashatru in Magadha, India.[206][207]",https://en.wikipedia.org/wiki/Ajatashatru
5th century BC,"Cast iron in Ancient China: Confirmed by archaeological evidence, the earliest cast iron is developed in China by the early 5th century BC during the Zhou Dynasty (1122-256 BC), the oldest specimens found in a tomb of Luhe County in Jiangsu province.[208][209][210]",https://en.wikipedia.org/wiki/Cast_iron
480 BC,"Spiral stairs (Temple A) in Selinunte, Sicily (see also List of ancient spiral stairs)[211][212]",https://en.wikipedia.org/wiki/Spiral_stairs
By 407 BC,Early descriptions of what may be a Wheelbarrow in Greece.[213] First actual depiction of one (tomb mural) shows up in China in 118 AD.[214],https://en.wikipedia.org/wiki/Wheelbarrow
By 400 BC,Camera obscura described by Mo-tzu (or Mozi) in China.[215],https://en.wikipedia.org/wiki/Camera_obscura
4th century BC,Traction trebuchet in Ancient China.[217],https://en.wikipedia.org/wiki/Trebuchet
4th century BC,Gears in Ancient China,https://en.wikipedia.org/wiki/Gear
4th century BC,"Reed pens, utilising a split nib, were used to write with ink on Papyrus in Egypt.[217]",https://en.wikipedia.org/wiki/Reed_pen
4th century BC,"Nailed Horseshoe, with 4 bronze shoes found in an Etruscan tomb.[218]",https://en.wikipedia.org/wiki/Horseshoe
375 BC - 350 BC,Animal-driven rotary mill in Carthage.[219][220],https://en.wikipedia.org/wiki/Horse_mill
By the late 4th century BC,Corporations in either the Maurya Empire of India[221] or in Ancient Rome (Collegium).,https://en.wikipedia.org/wiki/Corporation
Late 4th century BC,Cheque in the Maurya Empire of India.[222],https://en.wikipedia.org/wiki/Cheque
Late 4th century BC,Potassium nitrate manufacturing and military use in the Seleucid Empire.[223],https://en.wikipedia.org/wiki/Potassium_nitrate
Late 4th century BC,"Formal systems by Pāṇini in India, possibly during the reign of Chandragupta Maurya.[224]",https://en.wikipedia.org/wiki/Formal_system
4th to 3rd century BC,"Zinc production in North-Western India during the Maurya Empire.[225] The earliest known zinc mines and smelting sites are from Zawar, near Udaipur, in Rajasthan.[226][227]",https://en.wikipedia.org/wiki/Zinc_mining#History
3rd century BC,"Analog computers in the Hellenistic world (see e.g. the Antikythera mechanism), possibly in Rhodes.[228]",https://en.wikipedia.org/wiki/Analog_computers
By at least the 3rd century BC,Archimedes' screw was first used in the Nile river for irrigation purposes in Ancient Egypt[229],https://en.wikipedia.org/wiki/Archimedes%27_screw
Early 3rd century BC,Canal lock in Canal of the Pharaohs under Ptolemy II (283-246 BC) in Hellenistic Egypt[230][231][232],https://en.wikipedia.org/wiki/Lock_(water_transport)
3rd century BC,"Cam during the Hellenistic period, used in water-driven automata.[233]",https://en.wikipedia.org/wiki/Cam_(mechanism)
By the 3rd century BC,"Water wheel. The origin is unclear: Indian Pali texts dating to the 4th century BCE refer to the cakkavattaka, which later commentaries describe as arahatta-ghati-yanta (machine with wheel-pots attached). Helaine Selin suggests that the device existed in Persia before 350 BC.[234] The clearest description of the water wheel and Liquid-driven escapement is provided by Philo of Byzantium (c. 280 - 220 BC) in the Hellenistic kingdoms.[235]",https://en.wikipedia.org/wiki/Water_wheel
3rd century BC,Gimbal described by Philo of Byzantium[236],https://en.wikipedia.org/wiki/Gimbal
Late 3rd century BC,Dry dock under Ptolemy IV (221-205 BC) in Hellenistic Egypt[237],https://en.wikipedia.org/wiki/Dry_dock
3rd century BC - 2nd century BC,"Blast furnace in Ancient China: The earliest discovered blast furnaces in China date to the 3rd and 2nd centuries BC, although most sites are from the later Han dynasty.[208][238]",https://en.wikipedia.org/wiki/Blast_furnace
2nd century BC,Paper in Han dynasty China[nb 7],https://en.wikipedia.org/wiki/Paper
206 BC,Compass in Han dynasty China[241],https://en.wikipedia.org/wiki/Compass
Early 2nd century BC,Astrolabe invented by Apollonius of Perga.,https://en.wikipedia.org/wiki/Astrolabe
1st century BC,"Segmental arch bridge (e.g. Pont-Saint-Martin or Ponte San Lorenzo) in Italy, Roman Republic[242][243]",https://en.wikipedia.org/wiki/Arch_bridge
1st century BC,"News bulletin during the reign of Julius Caesar.[244] A paper form, i.e. the earliest newspaper, later appeared during the late Han dynasty in the form of the Dibao.[245][246][247]","https://en.wikipedia.org#cite_note-Chisholm_1911,_p._159-251"
1st century BC,"Arch dam (Glanum Dam) in Gallia Narbonensis, Roman Republic (see also List of Roman dams)[248][249][250][251][252]",https://en.wikipedia.org/wiki/Arch_dam
Before 40 BC,Trip hammer in China[253],https://en.wikipedia.org/wiki/Trip_hammer
38 BC,"An empty shell Glyph for zero, is found on a Maya numerals Stela, from Chiapa de Corzo, Chiapas. Independently invented by Claudius Ptolemy, in the second century CE Egypt, and appearing in the calculations of the Almagest.",https://en.wikipedia.org/wiki/0#Pre-Columbian_Americas
37 BC - 14 BC,Glass blowing developed in Jerusalem.[254][255][256],https://en.wikipedia.org/wiki/Glass_blowing
Before 25 BC,"Reverse overshot water wheel by Roman engineers in Rio Tinto, Spain[257]",https://en.wikipedia.org/wiki/Reverse_overshot_water_wheel
25 BC,Noodle in Lajia in China[258],https://en.wikipedia.org/wiki/Noodle
1st century AD,"The aeolipile, a simple steam turbine is recorded by Hero of Alexandria.[259]",https://en.wikipedia.org/wiki/Aeolipile
1st century AD,Vending machines invented by Hero of Alexandria.,https://en.wikipedia.org/wiki/Vending_machine
By the 1st century AD,The double-entry bookkeeping system in the Roman Empire.[260],https://en.wikipedia.org/wiki/Double-entry_bookkeeping
132,"Seismometer and pendulum in Han dynasty China, built by Zhang Heng. It is a large metal urn-shaped instrument which employed either a suspended pendulum or inverted pendulum acting on inertia, like the ground tremors from earthquakes, to dislodge a metal ball by a lever trip device.[261][262]",https://en.wikipedia.org/wiki/Seismometer
2nd century,Carding in India.[263],https://en.wikipedia.org/wiki/Carding
By at least the 3rd century,Crystallized sugar in India.[267],https://en.wikipedia.org#cite_note-274
Early 3rd century,Woodblock printing is invented in Han dynasty China at sometime before 220 AD. This made China become the world's first print culture.[268],https://en.wikipedia.org/wiki/Woodblock_printing
Late 3rd century - Early 4th century,Water turbine in the Roman Empire in modern-day Tunisia.[269][270][271],https://en.wikipedia.org/wiki/Water_turbine
280 - 550,"Chaturanga, a precursor of Chess was invented in India during the Gupta Empire.[272][273][274]",https://en.wikipedia.org/wiki/Chaturanga
4th century,"Roman Dichroic glass, which displays one of two different colors depending on lighting conditions.",https://en.wikipedia.org/wiki/Dichroic_glass
4th century,"Mariner's compass in Tamil Southern India: the first mention of the use of a compass for navigational purposes is found in Tamil nautical texts as the macchayantra.[275][276] However, the theoretical notion of magnets pointing North predates the device by several centuries.",https://en.wikipedia.org/wiki/Compass
4th century,"Simple suspension bridge, independently invented in Pre-Columbian South America,  and the Hindu Kush range, of present-day Afghanistan and Pakistan. With Han dynasty travelers noting bridges being constructed from 3 or more vines or 3 ropes.[277] Later bridges constructed utilizing cables of iron chains appeared in Tibet.[278][279]",https://en.wikipedia.org/wiki/Simple_suspension_bridge#History
4th century,"Fishing reel in Ancient China: In literary records, the earliest evidence of the fishing reel comes from a 4th-century AD[280] work entitled Lives of Famous Immortals.[281]",https://en.wikipedia.org/wiki/Fishing_reel
347,Oil Wells and Borehole drilling in China. Such wells could reach depths of up to 240 m (790 ft).[282],https://en.wikipedia.org/wiki/Oil_Well
400,"The construction of the Iron pillar of Delhi in Mathura by the Gupta Empire shows the development of rust-resistant ferrous metallurgy in Ancient India,[284][285] although original texts do not survive to detail the specific processes invented in this period.",https://en.wikipedia.org/wiki/Iron_pillar_of_Delhi
5th century,"The horse collar as a fully developed collar harness is developed in Southern and Northern Dynasties China during the 5th century AD.[286] The earliest depiction of it is a Dunhuang cave mural from the Chinese Northern Wei Dynasty, the painting dated to 477-499.[287]",https://en.wikipedia.org/wiki/Horse_collar
5th century - 6th century,"Pointed arch bridge (Karamagara Bridge) in Cappadocia, Eastern Roman Empire[288][289]",https://en.wikipedia.org/wiki/Pointed_arch_bridge
By the 6th century,Incense clock in China.[290][291],https://en.wikipedia.org/wiki/Incense_clock
After 500,"Charkha (spinning wheel/cotton gin) invented in India (probably during the Vakataka dynasty of Maharashtra, India), between 500 and 1000 A.D.[292]",https://en.wikipedia.org/wiki/Charkha_(spinning_wheel)
563,"Pendentive dome (Hagia Sophia) in Constantinople, Eastern Roman Empire[293]",https://en.wikipedia.org/wiki/Pendentive
577,Sulfur matches exist in China.,https://en.wikipedia.org/wiki/Match#Early_matches
589,"Toilet paper in Sui dynasty China, first mentioned by the official Yan Zhitui (531-591), with full evidence of continual use in subsequent dynasties.[294][295]",https://en.wikipedia.org/wiki/Toilet_paper
619,Toothbrush in China during the Tang Dynasty[296],https://en.wikipedia.org/wiki/Toothbrush
672,"Greek fire in Constantinople, Byzantine Empire: Greek fire, an incendiary weapon likely based on petroleum or naphtha, is invented by Kallinikos, a Lebanese Greek refugee from Baalbek, as described by Theophanes.[297] However, the historicity and exact chronology of this account is dubious,[298] and it could be that Kallinikos merely introduced an improved version of an established weapon.[299]",https://en.wikipedia.org/wiki/Greek_fire
7th century,"Banknote in Tang dynasty China: The banknote is first developed in China during the Tang and Song dynasties, starting in the 7th century. Its roots are in merchant receipts of deposit during the Tang Dynasty (618-907), as merchants and wholesalers desire to avoid the heavy bulk of copper coinage in large commercial transactions.[300][301][302]",https://en.wikipedia.org/wiki/Banknote
7th century,"Porcelain in Tang dynasty China: True porcelain is manufactured in northern China from roughly the beginning of the Tang Dynasty in the 7th century, while true porcelain was not manufactured in southern China until about 300 years later, during the early 10th century.[303]",https://en.wikipedia.org/wiki/Porcelain
9th century,"Gunpowder in Tang dynasty China: Gunpowder is, according to prevailing academic consensus, discovered in the 9th century by Chinese alchemists searching for an elixir of immortality.[304] Evidence of gunpowder's first use in China comes from the Five Dynasties and Ten Kingdoms period (618-907).[305] The earliest known recorded recipes for gunpowder are written by Zeng Gongliang, Ding Du, and Yang Weide in the Wujing Zongyao, a military manuscript compiled in 1044 during the Song Dynasty (960-1279).[306][307][308]",https://en.wikipedia.org/wiki/Gunpowder
9th century,Playing card in Tang Dynasty China[309][310][311][312][313],https://en.wikipedia.org/wiki/Playing_card
857 - 859,Degree-granting university in Morocco[314],https://en.wikipedia.org/wiki/University
10th century,"Fire lance in Song dynasty China, developed in the 10th century with a tube of first bamboo and later on metal that shot a weak gunpowder blast of flame and shrapnel, its earliest depiction is a painting found at Dunhuang.[315] Fire lance is the earliest firearm in the world and one of the earliest gunpowder weapons.[316][317]",https://en.wikipedia.org/wiki/Fire_lance
10th century,"Fireworks in Song dynasty China: Fireworks first appear in China during the Song Dynasty (960-1279), in the early age of gunpowder. Fireworks could be purchased from market vendors; these were made of sticks of bamboo packed with gunpowder.[318]",https://en.wikipedia.org/wiki/Fireworks
974,Fountain pen: invented at the request of al-Mu'izz li-Din Allah in Arab Egypt.[319],https://en.wikipedia.org/wiki/Fountain_pen
11th century,Early versions of the Bessemer process are developed in China.,https://en.wikipedia.org/wiki/Bessemer_process
11th century,Endless power-transmitting chain drive by Su Song for the development an astronomical clock (the Cosmic Engine)[320],https://en.wikipedia.org/wiki/Su_Song#The_endless_chain_drive
1088,"Movable type in Song dynasty China: The first record of a movable type system is in the Dream Pool Essays, which attributes the invention of the movable type to Bi Sheng.[321][322][323][324]",https://en.wikipedia.org/wiki/Movable_type
12th century,Ismail al-Jazari invents the elephant clock .[325],https://en.wikipedia.org/wiki/Ismail_al-Jazari
13th century,Rocket for military and recreational uses date back to at least 13th-century China.[326],https://en.wikipedia.org/wiki/Rocket
13th century,"The earliest form of mechanical escapement, the verge escapement in Europe.[327]",https://en.wikipedia.org/wiki/Mechanical_escapement
13th century,Buttons (combined with buttonholes) as a functional fastening for closing clothes appear first in Germany.[328],https://en.wikipedia.org/wiki/Button
13th century,"Explosive bomb in Jin dynasty Manchuria: Explosive bombs are used in 1221 by the Jin dynasty against a Song Dynasty city.[329] The first accounts of bombs made of cast iron shells packed with explosive gunpowder are documented in the 13th century in China and are called ""thunder-crash bombs"",[330] coined during a Jin dynasty naval battle in 1231.[331]",https://en.wikipedia.org/wiki/Bomb
13th century,"Hand cannon in Yuan dynasty China: The earliest hand cannon dates to the 13th century based on archaeological evidence from a Heilongjiang excavation. There is also written evidence in the Yuanshi (1370) on Li Tang, an ethnic Jurchen commander under the Yuan Dynasty who in 1288 suppresses the rebellion of the Christian prince Nayan with his ""gun-soldiers"" or chongzu, this being the earliest known event where this phrase is used.[332]",https://en.wikipedia.org/wiki/Hand_cannon
13th century - 14th century,Worm gear cotton gin in India.[333],https://en.wikipedia.org/wiki/Cotton_gin
1277,"Land mine in Song dynasty China: Textual evidence suggests that the first use of a land mine in history is by a Song Dynasty brigadier general known as Lou Qianxia, who uses an 'enormous bomb' (huo pao) to kill Mongol soldiers invading Guangxi in 1277.[334]",https://en.wikipedia.org/wiki/Land_mine
1286,Eyeglasses in Italy[335],https://en.wikipedia.org/wiki/Eyeglasses
Early 14th century - Mid 14th century,Multistage rocket in Ming dynasty China described in Huolongjing by Jiao Yu.,https://en.wikipedia.org/wiki/Multistage_rocket
By at least 1326,Cannon in Ming dynasty China[336],https://en.wikipedia.org/wiki/Cannon
14th century,Jacob's staff described by Levi ben Gerson,https://en.wikipedia.org/wiki/Jacob%27s_staff
14th century,"Naval mine in Ming dynasty China: Mentioned in the Huolongjing military manuscript written by Jiao Yu (fl. 14th to early 15th century) and Liu Bowen (1311-1375), describing naval mines used at sea or on rivers and lakes, made of wrought iron and enclosed in an ox bladder. A later model is documented in Song Yingxing's encyclopedia written in 1637.[337]",https://en.wikipedia.org/wiki/Naval_mine
14th century,Bidriware in the Bahmani Sultanate in India.[338],https://en.wikipedia.org/wiki/Bidriware
Early 15th century,Coil spring in Europe[340],https://en.wikipedia.org/wiki/Coil_spring
15th century,Mainspring in Europe[340],https://en.wikipedia.org/wiki/Mainspring
15th century,Rifle in Europe,https://en.wikipedia.org/wiki/Rifle
1420s,"Brace in Flandres, Holy Roman Empire[341]",https://en.wikipedia.org/wiki/Brace_(tool)
1439,"Printing press in Mainz, Germany: The printing press is invented in the Holy Roman Empire by Johannes Gutenberg before 1440, based on existing screw presses. The first confirmed record of a press appeared in a 1439 lawsuit against Gutenberg.[342]",https://en.wikipedia.org/wiki/Printing_press
Mid 15th century,"The Arquebus (also spelled Harquebus) is invented, possibly in Spain.[343][344]",https://en.wikipedia.org/wiki/Arquebus
1480s,Mariner's astrolabe in Portuguese circumnavigation of Africa[345],https://en.wikipedia.org/wiki/Mariner%27s_astrolabe
16th century,"Chintz or printed clothing in Golconda, India[346]",https://en.wikipedia.org/wiki/Chintz
1560,"Floating Dry Dock in Venice, Venetian Republic[349]",https://en.wikipedia.org/wiki/Dry_dock#Floating
1569,Mercator Projection map created by Gerardus Mercator,https://en.wikipedia.org/wiki/Mercator_Projection
1589,Stocking frame: Invented by William Lee.[350],https://en.wikipedia.org/wiki/Stocking_frame
1589-1590,Seamless globe was invented in Kashmir (then Mughal India) by Ali Kashmiri ibn Luqman.[351][352],https://en.wikipedia.org/wiki/Celestial_globe
1594,Backstaff: Invented by Captain John Davis.,https://en.wikipedia.org/wiki/Backstaff
By at least 1597,Revolver: Invented by Hans Stopler.,https://en.wikipedia.org/wiki/Revolver
1605,Newspaper (Relation): Johann Carolus in Strassburg (see also List of the oldest newspapers)[353][354],https://en.wikipedia.org/wiki/Newspaper
1608,Telescope: Patent applied for by Hans Lippershey. Actual inventor unknown since it seemed to already be a common item being offered by the spectacle makers in the Netherlands with Jacob Metius also applying for patent and the son of Zacharias Janssen making a claim 47 years later that his father invented it.,https://en.wikipedia.org/wiki/Telescope
1620,"Compound microscopes, which combine an objective lens with an eyepiece to view a real image, first appear in Europe. Apparently derived from the telescope, actual inventor unknown, variously attributed to Zacharias Janssen (his son claiming it was invented in 1590), Cornelis Drebbel, and Galileo Galilei.[355]",https://en.wikipedia.org/wiki/Optical_microscope#Compound_microscope
1630,Slide rule: invented by William Oughtred[356][357],https://en.wikipedia.org/wiki/Slide_rule
1642,Mechanical calculator. The Pascaline is built by Blaise Pascal.[358],https://en.wikipedia.org/wiki/Mechanical_calculator
1643,"Barometer: invented by Evangelista Torricelli, or possibly up to three years earlier by Gasparo Berti.[359]",https://en.wikipedia.org/wiki/Barometer
1650,Vacuum pump: Invented by Otto von Guericke.[360],https://en.wikipedia.org/wiki/Vacuum_pump
1656,Pendulum clock: Invented by Christiaan Huygens. It was first conceptualized in 1637 by Galileo Galilei but he was unable to create a working model.[361],https://en.wikipedia.org/wiki/Pendulum_clock
1663,Friction machine: Invented by Otto von Guericke.,https://en.wikipedia.org/wiki/Electrostatic_generator
1668,First functional reflecting telescope constructed by Isaac Newton.[362],https://en.wikipedia.org/wiki/Reflecting_telescope
1679,Pressure-cooker: Invented by Denis Papin.[363],https://en.wikipedia.org/wiki/Pressure-cooker
1680,Christiaan Huygens provides the first known description of a piston engine.[364],https://en.wikipedia.org/wiki/Christiaan_Huygens
1698,Thomas Savery developes a steam-powered water pump: for draining mines[365],https://en.wikipedia.org/wiki/Thomas_Savery
1709,Bartolomeo Cristofori crafts the first piano.,https://en.wikipedia.org/wiki/Bartolomeo_Cristofori
1709,Daniel Gabriel Fahrenheit invents the alcohol thermometer.,https://en.wikipedia.org/wiki/Daniel_Gabriel_Fahrenheit
1712,"Thomas Newcomen builds the first commercial steam engine to pump water out of mines.[366] Newcomen's engine, unlike Thomas Savery's, uses a piston.",https://en.wikipedia.org/wiki/Thomas_Newcomen
1730,Thomas Godfrey and John Hadley independently develop the octant,https://en.wikipedia.org/wiki/Thomas_Godfrey_(inventor)
1733,John Kay enables one person to operate a loom with the flying shuttle[367],https://en.wikipedia.org/wiki/John_Kay_(flying_shuttle)
1738,Lewis Paul and John Wyatt invent the first mechanized cotton spinning machine.,https://en.wikipedia.org/wiki/Lewis_Paul
1742,Benjamin Franklin invents the Franklin stove.,https://en.wikipedia.org/wiki/Benjamin_Franklin
1745,"Musschenbroek and Kleist independently develop the Leyden jar, an early form of capacitor.",https://en.wikipedia.org/wiki/Pieter_van_Musschenbroek
1746,John Roebuck invents the lead chamber process.,https://en.wikipedia.org/wiki/John_Roebuck
1752,Benjamin Franklin invents the lightning rod.,https://en.wikipedia.org/wiki/Benjamin_Franklin
1755,William Cullen invents the first artificial refrigeration machine.,https://en.wikipedia.org/wiki/William_Cullen
1760,John Joseph Merlin invents the first  Roller skates.[368],https://en.wikipedia.org/wiki/John_Joseph_Merlin
1764,James Hargreaves invents the spinning jenny.,https://en.wikipedia.org/wiki/James_Hargreaves
1765,James Watt invents the improved steam engine utilizing a separate condenser.,https://en.wikipedia.org/wiki/James_Watt
1767,Joseph Priestley invents a method for the production of carbonated water.,https://en.wikipedia.org/wiki/Joseph_Priestley
1769,"Nicolas-Joseph Cugnot invents the first steam-powered vehicle capable of carrying passengers, an early car.",https://en.wikipedia.org/wiki/Nicolas-Joseph_Cugnot
1770,Richard Salter invents the earliest known design for a weighing scale.,https://en.wikipedia.org/wiki/Richard_Salter_(inventor)
1774,"John Wilkinson invents his boring machine, considered by some to be the first machine tool.",https://en.wikipedia.org/wiki/John_Wilkinson_(industrialist)
1775,Jesse Ramsden invents the modern screw-cutting lathe.,https://en.wikipedia.org/wiki/Jesse_Ramsden
1776,John Wilkinson invents a mechanical air compressor that would become the prototype for all later mechanical compressors.,https://en.wikipedia.org/wiki/John_Wilkinson_(industrialist)
1778,Robert Barron invents the first lever tumbler lock.,https://en.wikipedia.org/wiki/Robert_Barron_(locksmith)
1780,Hyder Ali of Mysore develops the first metal-cylinder rockets.[369],https://en.wikipedia.org/wiki/Hyder_Ali
1783,Claude de Jouffroy builds the first steamboat.,https://en.wikipedia.org/wiki/Claude_de_Jouffroy
1783,Joseph-Ralf and Jacques-Étienne Montgolfier build the first manned hot air balloon.,https://en.wikipedia.org/wiki/Montgolfier_brothers
1783,Louis-Sébastien Lenormand invents and uses the first modern parachute.,https://en.wikipedia.org/wiki/Louis-S%C3%A9bastien_Lenormand
1785,Martinus van Marum is the first to use the electrolysis technique.,https://en.wikipedia.org/wiki/Martinus_van_Marum
1786,Andrew Meikle invents the threshing machine.,https://en.wikipedia.org/wiki/Andrew_Meikle
1789,Edmund Cartwright invents the power loom.,https://en.wikipedia.org/wiki/Edmund_Cartwright
1790,Thomas Saint invents the sewing machine.,https://en.wikipedia.org/wiki/Sewing_machine
1792,Claude Chappe invents the modern semaphore telegraph.,https://en.wikipedia.org/wiki/Claude_Chappe
1793,Eli Whitney invents the modern cotton gin.,https://en.wikipedia.org/wiki/Eli_Whitney
1795,Joseph Bramah invents the hydraulic press.,https://en.wikipedia.org/wiki/Joseph_Bramah
1796,Alois Senefelder invents the lithography printing technique.[370],https://en.wikipedia.org/wiki/Alois_Senefelder
1797,Samuel Bentham invents plywood.,https://en.wikipedia.org/wiki/Samuel_Bentham
1799,George Medhurst invents the first motorized air compressor.,https://en.wikipedia.org/wiki/George_Medhurst
1799,The first paper machine is invented by Louis-Nicolas Robert.,https://en.wikipedia.org/wiki/Paper_machine
1800,"Alessandro Volta invents the voltaic pile, an early form of battery in Italy, based on previous works by Luigi Galvani.",https://en.wikipedia.org/wiki/Alessandro_Volta
1802,Humphry Davy invents the arc lamp (exact date unclear; not practical as a light source until the invention of efficient electric generators).[371],https://en.wikipedia.org/wiki/Humphry_Davy
1804,Friedrich Sertürner discovers morphine as the first active alkaloid extracted from the opium poppy plant.[372],https://en.wikipedia.org/wiki/Friedrich_Sert%C3%BCrner
1804,Joseph Marie Jacquard develops his automated Jacquard loom.[373],https://en.wikipedia.org/wiki/Joseph_Marie_Jacquard
1804,Richard Trevithick invents the steam locomotive.[374],https://en.wikipedia.org/wiki/Richard_Trevithick
1804,"Hanaoka Seishū creates tsūsensan, the first modern general anesthetic.[375]",https://en.wikipedia.org/wiki/Hanaoka_Seish%C5%AB
1807,Nicéphore Niépce invents  an early internal combustion engine capable of doing useful work.,https://en.wikipedia.org/wiki/Nic%C3%A9phore_Ni%C3%A9pce
1807,François Isaac de Rivaz designs the first automobile powered by an internal combustion engine fuelled by hydrogen.,https://en.wikipedia.org/wiki/Fran%C3%A7ois_Isaac_de_Rivaz
1807,Robert Fulton expands water transportation and trade with the workable steamboat.,https://en.wikipedia.org/wiki/Robert_Fulton
1810,Nicolas Appert invents the canning process for food.,https://en.wikipedia.org/wiki/Nicolas_Appert
1810,Abraham-Louis Breguet creates the first wristwatch.[376],https://en.wikipedia.org/wiki/Abraham-Louis_Breguet
1811,"Friedrich Koenig invents the first powered printing press, which was also the first to use a cylinder.",https://en.wikipedia.org/wiki/Friedrich_Koenig
1812,William Reid Clanny pioneered the invention of the safety lamp which he improved in later years. Safety lamps based on Clanny's improved design were used until the adoption of electric lamps.,https://en.wikipedia.org/wiki/William_Reid_Clanny
1814,"James Fox invents the modern planing machine, though Matthew Murray of Leeds and Richard Roberts of Manchester have also been credited at times with its invention.",https://en.wikipedia.org/wiki/James_Fox_(engineer)
1816,René Laennec  invents the first Stethoscope.[377],https://en.wikipedia.org/wiki/Ren%C3%A9_Laennec
1816,Francis Ronalds builds the first working electric telegraph using electrostatic means.,https://en.wikipedia.org/wiki/Francis_Ronalds
1816,Robert Stirling invents the Stirling engine.[378],https://en.wikipedia.org/wiki/Robert_Stirling
1817,"Baron Karl von Drais invents the dandy horse, an early velocipede and precursor to the modern bicycle.",https://en.wikipedia.org/wiki/Karl_von_Drais
1818,Marc Isambard Brunel invents the tunnelling shield.,https://en.wikipedia.org/wiki/Marc_Isambard_Brunel
1822,"Thomas Blanchard invents the pattern-tracing lathe (actually more like a shaper). The lathe can copy symmetrical shapes and is used for making gun stocks, and later, ax handles. The lathe's patent is in force for 42 years.[379][380]",https://en.wikipedia.org/wiki/Thomas_Blanchard_(inventor)
1822,"Nicéphore Niépce invents Heliography, the first photographic process.",https://en.wikipedia.org/wiki/Nic%C3%A9phore_Ni%C3%A9pce
1822,"Charles Babbage, considered the ""father of the computer"",[381] begins building the first programmable mechanical computer.",https://en.wikipedia.org/wiki/Charles_Babbage
1823,Johann Wolfgang Döbereiner invents the first lighter.,https://en.wikipedia.org/wiki/Johann_Wolfgang_D%C3%B6bereiner
1824,Johann Nikolaus von Dreyse invents the bolt-action rifle.[382],https://en.wikipedia.org/wiki/Johann_Nikolaus_von_Dreyse
1825,William Sturgeon invents the electromagnet.,https://en.wikipedia.org/wiki/William_Sturgeon
1826,John Walker invents the friction match.[383],https://en.wikipedia.org/wiki/John_Walker_(inventor)
1826,James Sharp invents and goes on to manufacture the first practical gas stove.,https://en.wikipedia.org/wiki/Gas_stove
1828,James Beaumont Neilson develops the hot blast process.,https://en.wikipedia.org/wiki/James_Beaumont_Neilson
1828,Patrick Bell invents the reaping machine.,https://en.wikipedia.org/wiki/Patrick_Bell
1828,Hungarian physicist Ányos Jedlik invents the first commutated rotary electromechanical machine with electromagnets.,https://en.wikipedia.org/wiki/%C3%81nyos_Jedlik
1829,Louis Braille invents the Braille reading system for the blind.[384],https://en.wikipedia.org/wiki/Louis_Braille
1829,William Mann invents the compound air compressor.,https://en.wikipedia.org/wiki/Air_compressor
1829,Henry Robinson Palmer is awarded a patent for corrugated galvanised iron.,https://en.wikipedia.org/wiki/Henry_Robinson_Palmer
1830,Edwin Budding invents the lawn mower.,https://en.wikipedia.org/wiki/Edwin_Budding
1831,Michael Faraday invents a method of electromagnetic induction. It would be independently invented by Joseph Henry the following year.,https://en.wikipedia.org/wiki/Michael_Faraday
1834,Moritz von Jacobi invents the first practical electric motor.,https://en.wikipedia.org/wiki/Moritz_von_Jacobi
1835,Joseph Henry invents the electromechanical relay.,https://en.wikipedia.org/wiki/Joseph_Henry
1837,Samuel Morse invents Morse code.,https://en.wikipedia.org/wiki/Samuel_Morse
1838,Moritz von Jacobi invents electrotyping.,https://en.wikipedia.org/wiki/Moritz_von_Jacobi
1839,William Otis invents the steam shovel.,https://en.wikipedia.org/wiki/William_Otis
1839,James Nasmyth invents the steam hammer.,https://en.wikipedia.org/wiki/James_Nasmyth
1839,"Edmond Becquerel invents a method for the photovoltaic effect, effectively producing the first solar cell.",https://en.wikipedia.org/wiki/Edmond_Becquerel
1839,Charles Goodyear invents vulcanized rubber.[385],https://en.wikipedia.org/wiki/Charles_Goodyear
1839,Louis Daguerre invents daguerreotype photography.[386],https://en.wikipedia.org/wiki/Louis_Daguerre
1840,John Herschel invents the blueprint.[387],https://en.wikipedia.org/wiki/John_Herschel
1841,Alexander Bain devises a printing telegraph.[388],https://en.wikipedia.org/wiki/Alexander_Bain_(inventor)
1842,William Robert Grove invents the first fuel cell.,https://en.wikipedia.org/wiki/William_Robert_Grove
1842,"John Bennet Lawes invents superphosphate, the first man-made fertilizer.",https://en.wikipedia.org/wiki/John_Bennet_Lawes
1844,"Friedrich Gottlob Keller and, independently, Charles Fenerty come up with the wood pulp method of paper production.",https://en.wikipedia.org/wiki/Friedrich_Gottlob_Keller
1845,Isaac Charles Johnson invents modern Portland cement.,https://en.wikipedia.org/wiki/Isaac_Charles_Johnson
1846,Henri-Joseph Maus invents the tunnel boring machine.,https://en.wikipedia.org/wiki/Tunnel_boring_machine
1847,"Ascanio Sobrero invents Nitroglycerin, the first explosive made that was stronger than black powder.",https://en.wikipedia.org/wiki/Ascanio_Sobrero
1848,Jonathan J. Couch invents the pneumatic drill.,https://en.wikipedia.org/wiki/Jackhammer
1848,Linus Yale Sr. invents the first modern pin tumbler lock.,https://en.wikipedia.org/wiki/Linus_Yale_Jr.
1849,Walter Hunt invents the first repeating rifle to use metallic cartridges (of his own design) and a spring-fed magazine.,https://en.wikipedia.org/wiki/Walter_Hunt_(inventor)
1849,James B. Francis invents the Francis turbine.,https://en.wikipedia.org/wiki/James_B._Francis
1849,Walter Hunt invents the Safety pin.[389],https://en.wikipedia.org/wiki/Walter_Hunt_(inventor)
1850,William Armstrong invents the hydraulic accumulator.,"https://en.wikipedia.org/wiki/William_Armstrong,_1st_Baron_Armstrong"
1851,"George Jennings offers the first public flush toilets, accessible for a penny per visit, and in 1852 receives a UK patent for the single piece, free standing, earthenware, trap plumed, flushing, water-closet.[390]",https://en.wikipedia.org/wiki/George_Jennings
1852,Robert Bunsen is the first to use a chemical vapor deposition technique.,https://en.wikipedia.org/wiki/Robert_Bunsen
1852,Elisha Otis invents the safety brake elevator.[391],https://en.wikipedia.org/wiki/Elisha_Otis
1852,"Henri Giffard becomes the first person to make a manned, controlled and powered flight using a dirigible.",https://en.wikipedia.org/wiki/Henri_Giffard
1853,François Coignet invents reinforced concrete.,https://en.wikipedia.org/wiki/Reinforced_concrete
1855,"James Clerk Maxwell invents the first practical method for color photography, whether chemical or electronic.",https://en.wikipedia.org/wiki/James_Clerk_Maxwell
1855,"Henry Bessemer patents the Bessemer process for making steel, with improvements made by others over the following years.",https://en.wikipedia.org/wiki/Henry_Bessemer
1856,"Alexander Parkes invents parkesine, also known as celluloid, the first man-made plastic.",https://en.wikipedia.org/wiki/Alexander_Parkes
1856,"James Harrison produces the world's first practical ice making machine and refrigerator using the principle of vapour compression in Geelong, Australia.[392]",https://en.wikipedia.org/wiki/James_Harrison_(engineer)
1856,"William Henry Perkin invents mauveine, the first synthetic dye.",https://en.wikipedia.org/wiki/William_Henry_Perkin
1857,Heinrich Geissler invents the Geissler tube.,https://en.wikipedia.org/wiki/Heinrich_Geissler
1857,"The phonautograph, the earliest known device for recording sound is patented and invented by Frenchman Édouard-Léon Scott de Martinville.",https://en.wikipedia.org/wiki/Phonautograph
1859,"Gaston Planté invents the lead acid battery, the first rechargeable battery.",https://en.wikipedia.org/wiki/Gaston_Plant%C3%A9
1860,Joseph Swan produces carbon fibers.[393],https://en.wikipedia.org/wiki/Joseph_Swan
1864,Louis Pasteur invents the pasteurization process.,https://en.wikipedia.org/wiki/Louis_Pasteur
1865,Carl Wilhelm Siemens and Pierre-Émile Martin invented the Siemens-Martin process for making steel.,https://en.wikipedia.org/wiki/Carl_Wilhelm_Siemens
1867,"Alfred Nobel invents dynamite, the first safely manageable explosive stronger than black powder.",https://en.wikipedia.org/wiki/Alfred_Nobel
1867,"Lucien B. Smith invents barbed wire, which Joseph F. Glidden will modify in 1874, leading to the taming of the West and the end of the cowboys.",https://en.wikipedia.org/wiki/Barbed_wire
1872,"Polyvinyl chloride, more commonly known as vinyl, is synthesized by German chemist Eugen Baumann",https://en.wikipedia.org/wiki/Polyvinyl_chloride
1872,J.E.T. Woods and J. Clark invented stainless steel. Harry Brearley was the first to commercialize it.[394],https://en.wikipedia.org/wiki/Stainless_steel
1873,Frederick Ransome invents the rotary kiln.,https://en.wikipedia.org/wiki/Frederick_Ransome
1873,"William Crookes, a chemist, invents the Crookes radiometer as the by-product of some chemical research.",https://en.wikipedia.org/wiki/William_Crookes
1873,"Zénobe Gramme invents the first commercial electrical generator, the Gramme machine.",https://en.wikipedia.org/wiki/Z%C3%A9nobe_Gramme
1874,Gustave Trouvé invents the first metal detector.,https://en.wikipedia.org/wiki/Gustave_Trouv%C3%A9
1875,"Fyodor Pirotsky invents the first electric tram near Saint Petersburg, Russia.",https://en.wikipedia.org/wiki/Fyodor_Pirotsky
1876,Nicolaus August Otto invents the four-stroke cycle.,https://en.wikipedia.org/wiki/Nicolaus_August_Otto
1876,"Alexander Graham Bell has a patent granted for the telephone. However, other inventors before Bell had worked on the development of the telephone and the invention had several pioneers.[395]",https://en.wikipedia.org/wiki/Alexander_Graham_Bell
1877,Thomas Edison invents the first working phonograph.[396],https://en.wikipedia.org/wiki/Thomas_Edison
1878,Henry Fleuss is granted a patent for the first practical rebreather.[397],https://en.wikipedia.org/wiki/Henry_Fleuss
1878,Lester Allan Pelton invents the Pelton wheel.,https://en.wikipedia.org/wiki/Lester_Allan_Pelton
1879,"Joseph Swan and Thomas Edison both patent a functional incandescent light bulb. Some two dozen inventors had experimented with electric incandescent lighting over the first three-quarters of the 19th century but never came up with a practical design.[398] Swan's, which he had been working on since the 1860s, had a low resistance so was only suited for small installations. Edison designed a high-resistance bulb as part of a large-scale commercial electric lighting utility.[399][400][401]",https://en.wikipedia.org/wiki/Joseph_Swan
1881,"Nikolay Benardos presents carbon arc welding, the first practical arc welding method.[402]",https://en.wikipedia.org/wiki/Nikolay_Benardos
1884,"Hiram Maxim invents the recoil-operated Maxim gun, ushering in the age of semi- and fully automatic firearms.",https://en.wikipedia.org/wiki/Hiram_Maxim
1884,"Paul Vieille invents Poudre B, the first smokeless powder for firearms.",https://en.wikipedia.org/wiki/Paul_Vieille
1884,Sir Charles Parsons invents the modern steam turbine.,https://en.wikipedia.org/wiki/Charles_Algernon_Parsons
1884,"Hungarian engineers Károly Zipernowsky, Ottó Bláthy and Miksa Déri invent the closed core high efficiency transformer and the AC parallel power distribution.",https://en.wikipedia.org/wiki/K%C3%A1roly_Zipernowsky
1885,John Kemp Starley invents the modern safety bicycle.[403][404],https://en.wikipedia.org/wiki/John_Kemp_Starley
1886,"Carl Gassner invents the zinc-carbon battery, the first dry cell battery, making portable electronics practical.",https://en.wikipedia.org/wiki/Carl_Gassner
1886,Charles Martin Hall and independently Paul Héroult invent the Hall-Héroult process for economically producing aluminum in 1886.,https://en.wikipedia.org/wiki/Charles_Martin_Hall
1886,Karl Benz invents the first petrol or gasoline powered auto-mobile (car).[405],https://en.wikipedia.org/wiki/Karl_Benz
1887,Carl Josef Bayer invents the Bayer process for the production of alumina.,https://en.wikipedia.org/wiki/Carl_Josef_Bayer
1887,James Blyth invents the first wind turbine used for generating electricity.,https://en.wikipedia.org/wiki/James_Blyth_(engineer)
1887,"John Stewart MacArthur, working in collaboration with brothers Dr. Robert and Dr. William Forrest develops the process of gold cyanidation.",https://en.wikipedia.org/wiki/John_Stewart_MacArthur
1888,John J. Loud invents the ballpoint pen.[406],https://en.wikipedia.org/wiki/John_J._Loud
1888,Thomas Edison and William Kennedy Dickson invents Kinetoscope.[407],https://en.wikipedia.org/wiki/Thomas_Edison
1888,Heinrich Hertz publishes a conclusive proof of James Clerk Maxwell's electromagnetic theory in experiments that also demonstrate the existence of radio waves. The effects of electromagnetic waves had been observed by many people before this but no usable theory explaining them existed until Maxwell.,https://en.wikipedia.org/wiki/Heinrich_Hertz
1888,"The first practical pneumatic tire was made by Scotsman John Boyd Dunlop, the patent was from 1847 by Robert William Thomson",https://en.wikipedia.org/wiki/Pneumatic_tire
1890s,Frédéric Swarts invents the first chlorofluorocarbons to be applied as refrigerant.[408],https://en.wikipedia.org/wiki/Fr%C3%A9d%C3%A9ric_Swarts
1890,Robert Gair would invent the pre-cut cardboard box.[409],https://en.wikipedia.org/wiki/Robert_Gair
1891,Whitcomb Judson invents the zipper.,https://en.wikipedia.org/wiki/Whitcomb_Judson
1892,Léon Bouly invents the cinematograph.,https://en.wikipedia.org/wiki/L%C3%A9on_Bouly
1892,Thomas Ahearn invents the electric oven.[410],https://en.wikipedia.org/wiki/Thomas_Ahearn
1893,Rudolf Diesel invents the diesel engine (although Herbert Akroyd Stuart had experimented with compression ignition before Diesel).,https://en.wikipedia.org/wiki/Rudolf_Diesel
1895,Guglielmo Marconi invents a system of wireless communication using radio waves.,https://en.wikipedia.org/wiki/Guglielmo_Marconi
1895,Wilhelm Conrad Röntgen invented the first radiograph (xrays).,https://en.wikipedia.org/wiki/Wilhelm_Conrad_R%C3%B6ntgen
1898,"Hans von Pechmann synthesizes polyethylene, now the most common plastic in the world.[411]",https://en.wikipedia.org/wiki/Hans_von_Pechmann
1899,Waldemar Jungner invents the rechargeable nickel-cadmium battery (NiCd) as well as the nickel-iron electric storage battery (NiFe) and the rechargeable alkaline silver-cadmium battery (AgCd),https://en.wikipedia.org/wiki/Waldemar_Jungner
1900,The first Zeppelin is designed by Theodor Kober.,https://en.wikipedia.org/wiki/Zeppelin
1901,"The first motorized cleaner using suction, a powered ""vacuum cleaner"", is patented independently by Hubert Cecil Booth and David T. Kenney.[412]",https://en.wikipedia.org/wiki/Vacuum_cleaner
1903,The first successful gas turbine is invented by Ægidius Elling.,https://en.wikipedia.org/wiki/Gas_turbine
1903,Édouard Bénédictus invents laminated glass.,https://en.wikipedia.org/wiki/Laminated_glass
1903,"First sustained and controlled heavier-than-air powered flight achieved by an airplane flown at Kitty Hawk, North Carolina by Orville and Wilbur Wright. See Claims to the first powered flight.",https://en.wikipedia.org/wiki/Airplane
1904,"The Fleming valve, the first vacuum tube and diode, is invented by John Ambrose Fleming.",https://en.wikipedia.org/wiki/Fleming_valve
1907,The first free flight of a rotary-wing aircraft is carried out by Paul Cornu.,https://en.wikipedia.org/wiki/Paul_Cornu
1907,"Leo Baekeland invents bakelite,  the first plastic made from synthetic components.",https://en.wikipedia.org/wiki/Leo_Baekeland
1907,The tuyères thermopropulsives[413] after 1945 (Maurice Roy (fr)) known as the statoreacteur[413][414] a combustion subsonique (the ramjet)[415] - R. Lorin[416][417][418],https://en.wikipedia.org#cite_note-Peter-420
1908,Cellophane is invented by Jacques E. Brandenberger.,https://en.wikipedia.org/wiki/Cellophane
1909,Fritz Haber invents the Haber process.,https://en.wikipedia.org/wiki/Fritz_Haber
1909,"The first instantaneous transmission of images, or television broadcast, is carried out by Georges Rignoux and A. Fournier.",https://en.wikipedia.org/wiki/Television
1911,"The cloud chamber, the first particle detector, is invented by Charles Thomson Rees Wilson.",https://en.wikipedia.org/wiki/Cloud_chamber
1912,The first commercial slot cars or more accurately model electric racing cars operating under constant power were made by Lionel (USA) and appeared in their catalogues in 1912. They drew power from a toy train rail sunk in a trough that was connected to a battery.,
1912,The first use of articulated trams by Boston Elevated Railway.,https://en.wikipedia.org/wiki/Tram
1913,The Bergius process is developed by Friedrich Bergius.,https://en.wikipedia.org/wiki/Bergius_process
1913,The Kaplan turbine is invented by Viktor Kaplan.,https://en.wikipedia.org/wiki/Kaplan_turbine
1915,"Harry Brearley invents a process to create Martensitic stainless steel, initially labelled Rustless Steel, later marketed as Staybrite, and AISI Type 420.[419]",https://en.wikipedia.org/wiki/Harry_Brearley
1915,"The first operational military tanks are designed in Great Britain and France. They are used in battle from 1916 and 1917 respectively. The designers in Great Britain are Walter Wilson and William Tritton and in France, Eugène Brillié. (Although it is known that vehicles incorporating at least some of the features of the tank were designed in a number of countries from 1903 onward, none reached a practical form.)",https://en.wikipedia.org/wiki/Tanks
1916,"The Czochralski process, widely used for the production of single crystal silicon, is invented by Jan Czochralski.",https://en.wikipedia.org/wiki/Czochralski_process
1917,The crystal oscillator is invented by Alexander M. Nicholson using a crystal of Rochelle Salt although his priority was disputed by Walter Guyton Cady.,https://en.wikipedia.org/wiki/Crystal_oscillator
1925,The Fischer-Tropsch process is developed by Franz Fischer and Hans Tropsch at the Kaiser-Wilhelm-Institut für Kohlenforschung.,https://en.wikipedia.org/wiki/Fischer%E2%80%93Tropsch_process
1926,"The Yagi-Uda Antenna or simply Yagi Antenna is invented by Shintaro Uda of Tohoku Imperial University, assisted by his colleague Hidetsugu Yagi. The Yagi Antenna was widely used during World War II. After the war they saw extensive development as home television antennas.",https://en.wikipedia.org/wiki/Yagi-Uda_Antenna
1926,Robert H. Goddard launches the first liquid fueled rocket.,https://en.wikipedia.org/wiki/Robert_H._Goddard
1926,"Harry Ferguson, patents the Three-point hitch equipment linkage system for tractors.[420]",https://en.wikipedia.org/wiki/Harry_Ferguson
1926,John Logie Baird demonstrates the world's first live working television system.[421][422][423],https://en.wikipedia.org/wiki/John_Logie_Baird
1927,The quartz clock is invented by Warren Marrison and J.W. Horton at Bell Telephone Laboratories.[424],https://en.wikipedia.org/wiki/Quartz_clock
1928,"Penicillin is first observed to exude antibiotic substances by Nobel laureate Alexander Fleming. Development of medicinal penicillin is attributed to a team of medics and scientists including Howard Walter Florey, Ernst Chain and Norman Heatley.",https://en.wikipedia.org/wiki/Penicillin
1928,"Frank Whittle formally submitted his ideas for a turbo-jet engine. In October 1929, he developed his ideas further.[425] On 16 January 1930, Whittle submitted his first patent (granted in 1932).[426][427]",https://en.wikipedia.org/wiki/Frank_Whittle
1928,Philo Farnsworth demonstrates the first practical electronic television to the press.,https://en.wikipedia.org/wiki/Philo_Farnsworth
1929,The ball screw is invented by Rudolph G. Boehm.,https://en.wikipedia.org/wiki/Ball_screw
1930,The Supersonic combusting ramjet — Frank Whittle.[428],https://en.wikipedia.org/wiki/Supersonic_combusting_ramjet
1930,The Phase-contrast microscopy is invented by Frits Zernike.,https://en.wikipedia.org/wiki/Phase-contrast_microscopy
1931,The electron microscope is invented by Ernst Ruska.,https://en.wikipedia.org/wiki/Electron_microscope
1933,FM radio is patented by inventor Edwin H. Armstrong.,https://en.wikipedia.org/wiki/FM_radio
1935,"Nylon, the first fully synthetic fiber is produced by Wallace Carothers while working at DuPont.[429]",https://en.wikipedia.org/wiki/Nylon
1938,"Z1, built by Konrad Zuse, is the first freely programmable computer in the world.",https://en.wikipedia.org/wiki/Z1_(computer)
1938,"Nuclear fission discovered in experiment by chemists Otto Hahn and Fritz Strassmann and physicists Lise Meitner and Otto Robert Frisch. The German nuclear energy project was based on this research. The Tube Alloys project and, subsequently, the Manhattan Project and the Soviet atomic bomb project were influenced by this research.",https://en.wikipedia.org/wiki/Nuclear_fission
1939,G. S. Yunyev or Naum Gurvich invented the electric current defibrillator,https://en.wikipedia.org/wiki/Naum_Gurvich
1940,Pu-239 isotope (isotope of plutonium)[430][431] a form of matter existing with the capacity for use as a destructive element[432] (because the isotope has an exponentially increasing[430] spontaneous[433] fissile decay[434]) within nuclear devices — Glenn Seaborg.[431],https://en.wikipedia.org/wiki/Isotopes_of_plutonium#Notable_isotopes
1940,"John Randall and Harry Boot would develop the high power, microwave generating, cavity magnetron, later applied to commercial Radar and Microwave oven appliances.[435]",https://en.wikipedia.org/wiki/John_Randall_(physicist)
1941,Polyester is invented by John Rex Whinfield and James Dickson.[436],https://en.wikipedia.org/wiki/Polyester
1942,"The V-2 rocket, the world's first long range ballistic missile, developed by engineer Wernher von Braun.",https://en.wikipedia.org/wiki/V-2_rocket
1944,The non-infectious viral vaccine is perfected by Dr. Jonas Salk and Thomas Francis.[437],https://en.wikipedia.org#cite_note-444
1945,"The atomic bomb is developed by the Manhattan Project and swiftly deployed in August 1945 in the atomic bombings of Hiroshima and Nagasaki, effectively ending World War II.",https://en.wikipedia.org/wiki/Manhattan_Project
1945,"Percy Spencer, while employed at Raytheon, would patent a magnetron based microwave oven.[438]",https://en.wikipedia.org/wiki/Percy_Spencer
1946,"James Martin invents the ejector seat, inspired by the death of his friend and test pilot Captain Valentine Baker in an aeroplane crash in 1942.",https://en.wikipedia.org/wiki/James_Martin_(engineer)
1947,Holography is invented by Dennis Gabor.,https://en.wikipedia.org/wiki/Holography
1947,Floyd Farris and J.B. Clark (Stanolind Oil and Gas Corporation) invents hydraulic fracturing technology.[439],https://en.wikipedia.org/wiki/Stanolind_Oil_and_Gas_Corporation
1947,"The first transistor, a bipolar point-contact transistor, is invented by John Bardeen and Walter Brattain under the supervision of William Shockley at Bell Labs.",https://en.wikipedia.org/wiki/Transistor
1948,The first atomic clock is developed at the National Bureau of Standards.,https://en.wikipedia.org/wiki/Atomic_clock
1948,"Basic oxygen steelmaking is developed by Robert Durrer. The vast majority of steel manufactured in the world is produced using the basic oxygen furnace; in 2000, it accounted for 60% of global steel output.[440]",https://en.wikipedia.org/wiki/Basic_oxygen_steelmaking
1950,"Bertie the Brain, debatably the first video game, is displayed to the public at the Canadian National Exhibition.",https://en.wikipedia.org/wiki/Bertie_the_Brain
1950,The Toroidal chamber with axial magnetic fields (the Tokamak) is developed by Igor E. Tamm and Andrei D. Sakharov.[441],https://en.wikipedia.org/wiki/Tokamak
1952,The float glass process is developed by Alastair Pilkington.[442],https://en.wikipedia.org/wiki/Float_glass
1952,The first thermonuclear weapon is developed.,https://en.wikipedia.org/wiki/Thermonuclear_weapon
1953,"The first video tape recorder, a helical scan recorder, is invented by Norikazu Sawazaki.",https://en.wikipedia.org/wiki/Video_tape_recorder
1954,"Invention of the solar battery by Bell Telephone scientists, Calvin Souther Fuller, Daryl Chapin and Gerald Pearson capturing the Sun's power. First practical means of collecting energy from the Sun and turning it into a current of electricity.",https://en.wikipedia.org/wiki/Calvin_Souther_Fuller
1955,The hovercraft is patented by Christopher Cockerell.,https://en.wikipedia.org/wiki/Hovercraft
1955,The intermodal container is developed by Malcom McLean.,https://en.wikipedia.org/wiki/Intermodal_container
1956,The hard disk drive is invented by IBM.[443],https://en.wikipedia.org/wiki/Hard_disk_drive
1957,The laser and optical amplifier are invented and named by Gordon Gould and Charles Townes. The laser and optical amplifier are foundational to powering the Internet.[444],https://en.wikipedia.org/wiki/Laser
1957,"The first personal computer used by one person and controlled by a keyboard, the IBM 610, is invented in 1957 by IBM.",https://en.wikipedia.org/wiki/Personal_computer
1957,"The first artificial satellite, Sputnik 1, is launched.",https://en.wikipedia.org/wiki/Satellite
1958 - 1959,The integrated circuit is independently invented by Jack Kilby and Robert Noyce.,https://en.wikipedia.org/wiki/Integrated_circuit
1959,"The MOSFET (MOS transistor) is invented by the Egyptian Mohamed Atalla and the Korean Dawon Kahng at Bell Labs. It is used in almost all modern electronic products. It was smaller, faster, more reliable and cheaper to manufacture than earlier bipolar transistors, leading to a revolution in computers, controls and communication.[445][446][447]",https://en.wikipedia.org/wiki/MOSFET
1960,The first functioning laser is invented by Theodore Maiman.,https://en.wikipedia.org/wiki/Laser
1963,The first electronic cigarette is created by Herbert A. Gilbert. Hon Lik is often credited with its invention as he developed the modern electronic cigarette and was the first to commercialize it.,https://en.wikipedia.org/wiki/Electronic_cigarette
1964,"Shinkansen, the first high-speed rail commercial passenger service.",https://en.wikipedia.org/wiki/Shinkansen
1965,Kevlar is invented by Stephanie Kwolek at DuPont.,https://en.wikipedia.org/wiki/Kevlar
1969,"ARPANET and the NPL network implement packet switching,[448][449] drawing on the concepts and designs of Donald Davies,[450][451] and Paul Baran.[452]",https://en.wikipedia.org/wiki/ARPANET#ARPANET_deployed
1970s,"Public-key cryptography is invented and developed by James H. Ellis, Clifford Cocks, Malcolm J. Williamson, Whitfield Diffie, Martin Hellman, Ralph Merkle, Ron Rivest, Adi Shamir, Leonard Adleman, et al.",https://en.wikipedia.org/wiki/Public-key_cryptography
1970,The pocket calculator is invented.,https://en.wikipedia.org/wiki/Calculator#Pocket_calculators
1971,"The first single-chip microprocessor, the Intel 4004, is invented. Its development was led by Federico Faggin, using his silicon-gate MOS technology. This led to the personal computer (PC) revolution.[453]",https://en.wikipedia.org/wiki/Microprocessor
1971,"The first space station, Salyut 1 is launched.",https://en.wikipedia.org/wiki/Space_station
1972,"The first video game console, used primarily for playing video games on a TV, is the Magnavox Odyssey.[454]",https://en.wikipedia.org/wiki/Video_game_console
1973,The first fiber optic communication systems were developed by Optelecom.[455],https://en.wikipedia.org/wiki/Optelecom
1973,The first commercial graphical user interface is introduced in 1973 on the Xerox Alto. The modern GUI is later popularized by the Xerox Star and Apple Lisa.,https://en.wikipedia.org/wiki/Graphical_user_interface
1973,The first capacitive touchscreen is developed at CERN.,https://en.wikipedia.org/wiki/Touchscreen#Capacitive
1974,"The Transmission Control Program is proposed by Vinton Cerf and Robert E. Kahn, building on the work of Louis Pouzin, creating the basis for the modern Internet.[456][457]",https://en.wikipedia.org/wiki/Transmission_Control_Program
1974,"The lithium-ion battery is invented by M. Stanley Whittingham, and further developed in the 1980s and 1990s by John B. Goodenough, Rachid Yazami and Akira Yoshino. It has impacted modern consumer electronics and electric vehicles.[458]",https://en.wikipedia.org/wiki/Lithium-ion_battery
1977,Dr Walter Gilbert and Frederick Sanger invented a new DNA sequencing method for which they won the Nobel Prize.[459],https://en.wikipedia.org/wiki/Nobel_Prize
1977,The first self-driving car that did not rely upon rails or wires under the road is designed by the Tsukuba Mechanical Engineering Laboratory.[460],https://en.wikipedia.org/wiki/Self-driving_car
1978,"The Global Positioning System (GPS) enters service. While not the first Satellite navigation system, it is the first to enter widespread civilian use.",https://en.wikipedia.org/wiki/Global_Positioning_System
1979,"The first handheld game console with interchangeable game cartridges, the Microvision is released.",https://en.wikipedia.org/wiki/Microvision
1979,"Public dialup information, messaging and e-commerce services, were pioneered through CompuServe and RadioShack's MicroNET, and the UK's Post Office Telecommunications Prestel services.[461][462]",https://en.wikipedia.org/wiki/CompuServe
1980,Flash memory (both NOR and NAND types) is invented by Fujio Masuoka while working for Toshiba. It is formally introduced to the public in 1984.,https://en.wikipedia.org/wiki/Flash_memory
1981,"The first reusable spacecraft, the Space Shuttle undergoes test flights ahead of full operation in 1982.",https://en.wikipedia.org/wiki/Space_Shuttle
1981,"Kane Kramer develops the credit card sized, IXI digital media player.[463]",https://en.wikipedia.org/wiki/Kane_Kramer
1982,"A CD-ROM contains data accessible to, but not writable by, a computer for data storage and music playback. The 1985 Yellow Book standard developed by Sony and Philips adapted the format to hold any form of binary data.[464]",https://en.wikipedia.org/wiki/CD-ROM
1982,"Direct to home satellite television transmission, with the launch of Sky One service.[465]",https://en.wikipedia.org/wiki/Satellite_television
1982,"The first laptop computer is launched, the 8/16-bit Epson HX-20.[466]",https://en.wikipedia.org/wiki/Laptop
1983,Stereolithography is invented by Chuck Hull.[467],https://en.wikipedia.org/wiki/Stereolithography
1984,"The first commercially available cell phone, the DynaTAC 8000X, is created by Motorola.",https://en.wikipedia.org/wiki/Cell_phone
1984,DNA profiling is pioneered by Alec Jeffreys.[468][469],https://en.wikipedia.org/wiki/DNA_profiling
1989,"Karlheinz Brandenburg would publish the audio compression algorithms that would be standardised as the: MPEG-1, layer 3 (mp3), and later the MPEG-2, layer 7 Advanced Audio Compression (AAC).[470]",https://en.wikipedia.org/wiki/Karlheinz_Brandenburg
1989,The World Wide Web is invented by computer scientist Tim Berners-Lee.[471][472],https://en.wikipedia.org/wiki/World_Wide_Web
1990,The Neo Geo AES becomes the first video game system to launch that used Memory Cards,https://en.wikipedia.org/wiki/Neo_Geo_AES
1990,"The first search engine invented was “Archie”, created by Alan Emtage a student at McGill University in Montreal",https://en.wikipedia.org/wiki/Archie_(search_engine)
1991,The first commercial flash-based solid-state drive is launched by SunDisk.[473],https://en.wikipedia.org/wiki/Solid-state_drive
1991,"The first sim card is developed by Munich smart-card maker Giesecke & Devrient,",https://en.wikipedia.org/wiki/Sim_card
1993,"IBM created the first mobile app with SIMON, it had 10 bulit-in apps from Email to Calendar",
1994,"IBM Simon, World's first smartphone is developed by IBM.",https://en.wikipedia.org/wiki/IBM_Simon
1994,First generation of Bluetooth is developed by Ericsson Mobile. A form of data communication on short distances between electronic devices.,https://en.wikipedia.org/wiki/Bluetooth
1994,A Tetris variant on the Hagenuk MT-2000 device becomes the first mobile game,https://en.wikipedia.org/wiki/Tetris
1995,"DVD is an optical disc storage format, invented and developed by Philips, Sony, Toshiba, and Panasonic in 1995. DVDs offer higher storage capacity than compact discs while having the same dimensions.",https://en.wikipedia.org/wiki/DVD
1995,Match.com launches as the first dating site ever and is the number 1 most visited dating site in the US,https://en.wikipedia.org/wiki/Match.com
1995,Waiter.com launches as the first online food ordering service,https://en.wikipedia.org/wiki/Waiter.com
1996,Ciena deploys the first commercial wave division multiplexing system in partnership with Sprint. This created the massive capacity of the internet.[474],https://en.wikipedia.org/wiki/Ciena
1996,Mobile web was first commercially offered in Finland on the Nokia 9000 Communicator phone and it was also the first phone with texting,https://en.wikipedia.org/wiki/Nokia_9000_Communicator
1996,Bolt and Six Degrees (1997) both become the first social media sites,https://en.wikipedia.org/wiki/Bolt_(website)
1997,"The first weblog, a discussion or informational website, is created by Jorn Barger, later shortened to ""blog"" in 1999 by Peter Merholz.",https://en.wikipedia.org/wiki/Jorn_Barger
1998,The first portable MP3 player is released by SaeHan Information Systems.,https://en.wikipedia.org/wiki/MP3_player
1999,"The first digital video recorder (DVR), the TiVo, is launched by Xperi.",https://en.wikipedia.org/wiki/Digital_video_recorder
1999,"NTT DoCoMo launches i-mode, the first integrated Online App store for mobile phones",https://en.wikipedia.org/wiki/NTT_DoCoMo
2000,Sony develops the first prototypes for the Blu-ray optical disc format. The first prototype player was released in 2004.,https://en.wikipedia.org/wiki/Sony
2000,"First documented placement of Geocaching, an outdoor recreational activity, in which participants use a Global Positioning System (GPS) receiver or mobile device and other navigational techniques to hide and seek containers, took place on May 3, 2000, by Dave Ulmer of Beavercreek, Oregon.",https://en.wikipedia.org/wiki/Geocaching
2001,The Xbox Launches and is the first game console with internal storage,https://en.wikipedia.org/wiki/Xbox
2004,"First podcast, invented by Adam Curry and Dave Winer, is a program made available in digital format for download over the Internet and it usually features one or more recurring hosts engaged in a discussion about a particular topic or current event.[475][476][477]",https://en.wikipedia.org/wiki/Podcast
2005,"YouTube, the first popular video-streaming site, was founded",https://en.wikipedia.org/wiki/YouTube
2007,Netflix debuted the first popular video-on-demand service,https://en.wikipedia.org/wiki/Netflix
2007,The Bank of Scotland develops the worlds first banking app,https://en.wikipedia.org/wiki/Bank_of_Scotland
2007,"SoundCloud, the first on-demand service to focus on music is debuted",https://en.wikipedia.org/wiki/SoundCloud
2007,"First Kindle introduced by Amazon (company) founder and CEO Jeff Bezos, who instructed the company's employees to build the world's best e-reader before Amazon's competitors could. Amazon originally used the codename Fiona for the device. This hardware evolved from the original Kindle introduced in 2007 and the Kindle DX (with its larger 9.7"" screen) introduced in 2009.[478]",https://en.wikipedia.org/wiki/Amazon_Kindle
2008,Satoshi Nakamoto develops the first blockchain.[479],https://en.wikipedia.org/wiki/Satoshi_Nakamoto
2009,The Zeebo is released becoming the first digital-only video game console,https://en.wikipedia.org/wiki/Zeebo
2010,"The first solar sail based spacecraft, IKAROS.[480]",https://en.wikipedia.org/wiki/Solar_sail
2010,The first quantum machine[481],https://en.wikipedia.org/wiki/Quantum_machine
2010,"The first synthetic organism, Mycoplasma laboratorium is created by the J. Craig Venter Institute.",https://en.wikipedia.org/wiki/Synthetic_biology
2011,"Twitch, launches as the first live-streaming service.",https://en.wikipedia.org/wiki/Twitch_(service)
2011,HIV treatment as prevention (HPTN 052)[482],https://en.wikipedia.org/wiki/HPTN_052
2012,Discovery of the Higgs boson[483],https://en.wikipedia.org/wiki/Higgs_boson
2013,Cancer immunotherapy[484],https://en.wikipedia.org/wiki/Cancer_immunotherapy
2014,"The first known ""NFT"", Quantum,[485] was created by Kevin McCoy and Anil Dash in May 2014, that explicitly linked a non-fungible, tradable blockchain marker to a work of art, via on-chain metadata (enabled by Namecoin).[486]",https://en.wikipedia.org/wiki/NFT
2015,CRISPR genome-editing method[487],https://en.wikipedia.org/wiki/CRISPR
2016,"The Laser Interferometer Gravitational-Wave Observatory makes the first observation of gravitational waves, fulfilling Einstein's prediction[488]",https://en.wikipedia.org/wiki/Laser_Interferometer_Gravitational-Wave_Observatory
2018,Single cell sequencing[489],https://en.wikipedia.org/wiki/Single_cell_sequencing
2019,"IBM launches IBM Q System One, its first integrated quantum computing system for commercial use.",https://en.wikipedia.org/wiki/IBM
2020,The first RNA vaccine to be approved by public health medicines regulators is co-developed by Pfizer and BioNTech for COVID-19.,https://en.wikipedia.org/wiki/RNA_vaccine
2022,Pfizer develops the world's first pill for COVID,https://en.wikipedia.org/wiki/Pfizer
