date,description,article_length,page_url
-3300000|-2600000,"Stone tools - found in present-day Kenya, they are so old that only a pre-human species could have invented them. The otherwise earliest known stone tools (Oldowan) were found in Ethiopia developed perhaps by Australopithecus garhi or Homo habilis[further explanation needed]",8815,https://en.wikipedia.org/wiki/Stone_tool
-2300000,"Earliest likely control of fire and cooking, by Homo habilis",14587,https://en.wikipedia.org/wiki/Control_of_fire_by_early_humans
-1760000,Acheulean stone tools in Kenya by Homo erectus,11509,https://en.wikipedia.org/wiki/Acheulean
-1750000|-150000,Varying estimates for the origin of language,38393,https://en.wikipedia.org/wiki/Origin_of_language
-1500000,Bone tools in Africa,4336,https://en.wikipedia.org/wiki/Bone_tool
-900000|-40000,Boats,5693,https://en.wikipedia.org/wiki/Boat
-500000,Hafting in South Africa,3886,https://en.wikipedia.org/wiki/Hafting
-450000|-500000,Woodworking construction in Zambia,9468,https://en.wikipedia.org/wiki/Woodworking
-400000,Pigments in Zambia,7725,https://en.wikipedia.org/wiki/Pigment
-400000|-300000,Spears in Germany likely by Homo heidelbergensis,10676,https://en.wikipedia.org/wiki/Spear
-320000,"The trade and long-distance transportation of resources (e.g. obsidian), use of pigments, and possible making of projectile points in Kenya",13948,https://en.wikipedia.org/wiki/Trade
-279000,Early stone-tipped projectile weapons in Ethiopia,8060,https://en.wikipedia.org/wiki/Projectile_weapons
-200000,"Glue in Central Italy by Neanderthals. More complicated compound adhesives developed by Homo sapiens have been found from c. 70 kya Sibudu, South Africa and have been regarded as a sign of cognitive advancement.",7880,https://en.wikipedia.org/wiki/Glue
-200000,Beds in South Africa.,8712,https://en.wikipedia.org/wiki/Beds
-170000|-83000,Clothing (among anatomically modern humans in Africa). Some other evidence suggests that humans may have begun wearing clothing as far back as 100,000 to 500,000 years ago.,22288,https://en.wikipedia.org/wiki/History_of_clothing_and_textiles
-135000|-100000,Beads in Israel and Algeria,5202,https://en.wikipedia.org/wiki/Bead
-100000,Compound paints made in South Africa,13217,https://en.wikipedia.org/wiki/Paints
-100000,Funerals (in the form of burial) in Israel,16821,https://en.wikipedia.org/wiki/Burial
-90000,Harpoons in the Democratic Republic of the Congo.,7255,https://en.wikipedia.org/wiki/Harpoons
-70000|-60000,"Oldest arrows (and evidence of bow-and-arrow technology), and oldest needle, at Sibudu, South Africa",8397,https://en.wikipedia.org/wiki/Arrow
-61000|-62000,Cave painting in Spain by Neanderthal,15591,https://en.wikipedia.org/wiki/Cave_painting
-49000|-30000,"Ground stone tools - fragments of an axe in Australia date to 49-45 ka, more appear in Japan closer to 30 ka, and elsewhere closer to the Neolithic.",4218,https://en.wikipedia.org/wiki/Ground_stone
-47000,"The oldest-known mines in the world are from Eswatini, and extracted hematite for the production of the red pigment ochre.",9582,https://en.wikipedia.org/wiki/Ochre
-45000|-9000,"Earliest evidence of shoes, suggested by changes in foot bone morphology in China by Tianyuan Man. The earliest physical shoes found so far are bark sandals dated to 10 to 9 kya in Fort Rock Cave, United States.",20769,https://en.wikipedia.org/wiki/Shoes
-44000|-42000,Tally sticks (see Lebombo bone) in Eswatini,4960,https://en.wikipedia.org/wiki/Tally_sticks
-42000,Flute in Germany,10322,https://en.wikipedia.org/wiki/Flute
-37000,Mortar and pestle in Southwest Asia,7491,https://en.wikipedia.org/wiki/Mortar_and_pestle
-36000,"Weaving - Indirect evidence from Moravia and Georgia. The earliest actual piece of woven cloth was found in Çatalhöyük, Turkey.",19721,https://en.wikipedia.org/wiki/Weaving
-33000|-10000,Star chart in France and Spain,3689,https://en.wikipedia.org/wiki/Star_chart
-28000,Rope,10477,https://en.wikipedia.org/wiki/Rope
-26000,Ceramics in Europe,8136,https://en.wikipedia.org/wiki/Ceramics
-23000,Domestication of the dog in Siberia.,29156,https://en.wikipedia.org/wiki/Domestication_of_the_dog
-22000,Fishing hook in Okinawa Island modern day Japan.,6441,https://en.wikipedia.org/wiki/Fishing_hook
-16000,Pottery in China,18921,https://en.wikipedia.org/wiki/Pottery
-14500,Bread in Jordan,14752,https://en.wikipedia.org/wiki/Bread
-10500|-9500,Agriculture in the Fertile Crescent,34504,https://en.wikipedia.org/wiki/Agriculture
-10500|-9500,"Domestication of sheep in Southwest Asia (followed shortly by pigs, goats and cattle)",15049,https://en.wikipedia.org/wiki/Domestication
-9000|-6000,Domestication of rice in China,20380,https://en.wikipedia.org/wiki/Rice
-9000,Oldest known surviving building - Göbekli Tepe, in Turkey,18518,https://en.wikipedia.org/wiki/List_of_oldest_known_surviving_buildings
-9000,"Mudbricks, and clay mortar in Jericho.",4772,https://en.wikipedia.org/wiki/Mudbricks
-8400,Oldest known water well in Cyprus.,12144,https://en.wikipedia.org/wiki/Well
-8000|-7500,"Proto-city - large permanent settlements, such as Tell es-Sultan (Jericho) and Çatalhöyük, Turkey.",4280,https://en.wikipedia.org/wiki/Proto-city
-7000,Alcohol fermentation - specifically mead, in China,4789,https://en.wikipedia.org/wiki/Ethanol_fermentation#Alcoholic_beverages
-7000,Sled dog and Dog sled, in Siberia.,13482,https://en.wikipedia.org/wiki/Sled_dog
-7000,Tanned leather in Mehrgarh, Pakistan.,6794,https://en.wikipedia.org/wiki/Tanning_(leather)
-6500,Evidence of lead smelting in Çatalhöyük, Turkey,5062,https://en.wikipedia.org/wiki/Lead_smelting
-6000,Kiln in Mesopotamia (Iraq),5471,https://en.wikipedia.org/wiki/Kiln
-6000 - -3200,"Proto-writing in present-day Egypt, Iraq, Romania, China, India and Pakistan.",3702,https://en.wikipedia.org/wiki/Proto-writing
-5500,Sailing - pottery depictions of sail boats, in Mesopotamia, and later ancient Egypt,22166,https://en.wikipedia.org/wiki/Sailing
-5000,Copper smelting in Serbia,7717,https://en.wikipedia.org/wiki/Smelting#Copper_and_bronze
-5000,Seawall in Tel Hreiz.,7229,https://en.wikipedia.org/wiki/Seawall
-5000,Lacquer in China,6973,https://en.wikipedia.org/wiki/Lacquer
-5000,Cotton thread, in Mehrgarh, Pakistan, connecting the copper beads of a bracelet.,23773,https://en.wikipedia.org/wiki/Cotton
-5000 - -4500,Rowing oars in China,4172,https://en.wikipedia.org/wiki/Oar
-4500 - -3500,Lost-wax casting in Israel or the Indus Valley,11848,https://en.wikipedia.org/wiki/Lost-wax_casting
-4400,Fired bricks in China.,14890,https://en.wikipedia.org/wiki/Brick#Fired_brick
-4000,Paved roads, in and around the Mesopotamian city of Ur, Iraq.,18639,https://en.wikipedia.org/wiki/Ur
-4000,Plumbing. The earliest pipes were made of clay, and are found at the Temple of Bel at Nippur in Babylonia.[nb 2],10712,https://en.wikipedia.org/wiki/Plumbing
-4000 - -3500,Wheel: potter's wheels in Mesopotamia and wheeled vehicles in Mesopotamia (Sumerian civilization), the Northern Caucasus (Maykop culture) and Central Europe (Cucuteni-Trypillia culture).,11687,https://en.wikipedia.org/wiki/Wheel
-3630,Silk garments (sericulture) in China,4208,https://en.wikipedia.org/wiki/Sericulture
-3500,Probable first domestication of the horse in the Eurasian Steppes.,13638,https://en.wikipedia.org/wiki/Domestication_of_the_horse
-3500,Wine as general anesthesia in Sumer.,13619,https://en.wikipedia.org/wiki/General_anesthesia
-3500,Seal (emblem) invented around in the Near East, at the contemporary sites of Uruk in southern Mesopotamia and slightly later at Susa in south-western Iran during the Proto-Elamite period, and they follow the development of stamp seals in the Halaf culture or slightly earlier.,10877,https://en.wikipedia.org/wiki/Seal_(emblem)
-3500,Ploughing, on a site in Bubeneč, Czech Republic. Evidence, c. 2800 BC, has also been found at Kalibangan, Indus Valley (modern-day India).,14187,https://en.wikipedia.org/wiki/Ploughing
-3400 - -3100,Tattoos in southern Europe,19456,https://en.wikipedia.org/wiki/Tattoo
-4000,Writing - in Sumer and Egypt.,17181,https://en.wikipedia.org/wiki/Writing
-3300,City in Uruk, Sumer, Mesopotamia (modern-day Iraq).,40448,https://en.wikipedia.org/wiki/City
-3200,Dry Latrines in the city of Uruk, Iraq, with later dry squat Toilets, that added raised fired brick foot platforms, and pedestal toilets, all over clay pipe constructed drains.,2851,https://en.wikipedia.org/wiki/Latrine
-3000,Devices functionally equivalent to dice, in the form of flat two-sided throwsticks, are seen in the Egyptian game of Senet. Perhaps the oldest known dice, resembling modern ones, were excavated as part of a backgammon-like game set at the Burnt City, an archeological site in south-eastern Iran, estimated to be from between 2800 and 2500 BC. Later, terracotta dice were used at the Indus Valley site of Mohenjo-daro (modern-day Pakistan).,9590,https://en.wikipedia.org/wiki/Dice
-3000,Tin extraction in Central Asia,18082,https://en.wikipedia.org/wiki/Tin
-3000 - -2560,Papyrus in Egypt,6341,https://en.wikipedia.org/wiki/Papyrus
-3000,Reservoir in Girnar, Indus Valley (modern-day India).,12175,https://en.wikipedia.org/wiki/Reservoir
-3000,Receipt in Ancient Mesopotamia (Iraq),3187,https://en.wikipedia.org/wiki/Receipt
-3000 - -2500,Rhinoplasty in Egypt.,22679,https://en.wikipedia.org/wiki/Rhinoplasty
-2650,The Ruler, or Measuring rod, in the subdivided Nippur, copper rod, of the Sumerian Civilisation (modern-day Iraq). [nb 3],4190,https://en.wikipedia.org/wiki/Ruler
-2600,Planned city in Indus Valley (modern-day: India, Pakistan).,29531,https://en.wikipedia.org/wiki/Planned_city
-2600,Public sewage and sanitation systems in Indus Valley sites such as Mohenjo-daro and Rakhigarhi (modern-day: India, Pakistan).,2603,https://en.wikipedia.org/wiki/Sanitation_of_the_Indus_Valley_Civilisation
-2600,Public bath in Mohenjo-daro, Indus Valley (modern-day Pakistan).,1428,"https://en.wikipedia.org/wiki/Great_Bath,_Mohenjo-daro"
-2600,Levee in Indus Valley.,6656,https://en.wikipedia.org/wiki/Levee
-2600,Balance weights and scales, from the Fourth Dynasty of Egypt; examples of Deben (unit) balance weights, from reign of Sneferu (c. 2600 BC) have been attributed.,9792,https://en.wikipedia.org/wiki/Weighing_scale
-2556,Docks structure in Wadi al-Jarf, Egypt, which was developed by the reign of the Pharaoh Khufu. [nb 4],2585,https://en.wikipedia.org/wiki/Dock_(maritime)
-2500,Puppetry in the Indus Valley.,14479,https://en.wikipedia.org/wiki/Puppetry
-2400,Fork in Bronze Age Qijia culture in China,3211,https://en.wikipedia.org/wiki/Fork
-2400,Copper pipes, the Pyramid of Sahure, an adjoining temple complex at Abusir, was discovered to have a network of copper drainage pipes.,20867,https://en.wikipedia.org/wiki/History_of_water_supply_and_sanitation#Ancient_Egypt
-2400,Touchstone in the Indus Valley site of Banawali (modern-day India).,853,https://en.wikipedia.org/wiki/Touchstone_(assaying_tool)
-2300,Dictionary in Mesopotamia.,8733,https://en.wikipedia.org/wiki/Dictionary
-2200,Protractor, Phase IV, Lothal, Indus Valley (modern-day India), a Xancus shell cylinder with sawn grooves, at right angles, in its top and bottom surfaces, has been proposed as an angle marking tool.,4625,https://en.wikipedia.org/wiki/Protractor
-2000,Water clock by at least the old Babylonian period (c. 2000 - c. 1600 BC), but possibly earlier from Mohenjo-Daro in the Indus Valley.,9854,https://en.wikipedia.org/wiki/Water_clock
-2000,Chariot in Russia and Kazakhstan,14490,https://en.wikipedia.org/wiki/Chariot
-2000,"Fountain in Lagash, Sumer",16288,https://en.wikipedia.org/wiki/Fountain
-2000,"Scissors, in Mesopotamia.",12572,https://en.wikipedia.org/wiki/Scissors
-1850,Proto-alphabet (Proto-Sinaitic script) in Egypt.,18332,https://en.wikipedia.org/wiki/Proto-Sinaitic_script
-1600,Surgical treatise appeared in Egypt.,4732,https://en.wikipedia.org/wiki/Edwin_Smith_Papyrus
-1500,Sundial in Ancient Egypt or Babylonia (modern-day Iraq).,26805,https://en.wikipedia.org/wiki/Sundial
-1500,Glass manufacture in either Mesopotamia or Ancient Egypt,18971,https://en.wikipedia.org/wiki/Glass
-1500,Seed drill in Babylonia,2779,https://en.wikipedia.org/wiki/Seed_drill
-1400,"Rubber, Mesoamerican ballgame.",2793,https://en.wikipedia.org/wiki/Mesoamerican_rubber_balls
-1400 - -1200,"Concrete in Tiryns (Mycenaean Greece). Waterproof concrete was later developed by the Assyrians in 688 BC, and the Romans developed concretes that could set underwater. The Romans later used concrete extensively for construction from 300 BC to 476 AD.",24093,https://en.wikipedia.org/wiki/Concrete
-1300,Lathe in Ancient Egypt,9467,https://en.wikipedia.org/wiki/Lathe
-1300,Iron smelting in the Hittite Empire of the Middle East.,7717,https://en.wikipedia.org/wiki/Iron_smelting
-1200,Distillation is described on Akkadian tablets documenting perfumery operations.,13772,https://en.wikipedia.org/wiki/Distillation
-700,Saddle (fringed cloths or pads used by Assyrian cavalry),10259,https://en.wikipedia.org/wiki/Saddle
-650,Crossbow in China.,13569,https://en.wikipedia.org/wiki/Crossbow
-650,Windmills in Persia,82710,https://en.wikipedia.org/wiki/Persia
-600,Coins in Phoenicia (Modern Lebanon) or Lydia,19256,https://en.wikipedia.org/wiki/Coins
-600,"Wagonway called Diolkos across the Isthmus of Corinth in Ancient Greece",4570,https://en.wikipedia.org/wiki/Wagonway
-600 - -100,"High Carbon Steel, produced by the Closed Crucible method, later known as Wootz steel, of South India.",13561,https://en.wikipedia.org/wiki/Steel#Wootz_steel_and_Damascus_steel
-600,"University in Taxila, of the Indus Valley, then part of the kingdom of Gandhara, of the Achaemenid Empire (modern-day Pakistan).",17501,https://en.wikipedia.org/wiki/University
-600 - -200,"Systematization of medicine and surgery in the Sushruta Samhita in Vedic Northern India.",13441,https://en.wikipedia.org/wiki/Sushruta_Samhita
-600,"Crank motion (rotary quern) in Carthage or 5th century BC Celtiberian Spain Later during the Roman empire, a mechanism appeared that incorporated a connecting rod.",7489,https://en.wikipedia.org/wiki/Crank_(mechanism)
-400,Loan deeds in Upanishadic India.,7488,https://en.wikipedia.org/wiki/Deed
-515,Crane in Ancient Greece,16260,https://en.wikipedia.org/wiki/Crane_(machine)
-500,Lighthouse in Greece,9625,https://en.wikipedia.org/wiki/Lighthouse
-500 - -200,"Toe stirrup, depicted in 2nd century Buddhist art, of the Sanchi and Bhaja Caves, of the Deccan Satavahana empire (modern-day India) although may have originated as early as 500 BC.",8091,https://en.wikipedia.org/wiki/Stirrup#Precursors
-485,"Catapult by Ajatashatru in Magadha, India.",6796,https://en.wikipedia.org/wiki/Catapult
-485,"Scythed chariot by Ajatashatru in Magadha, India.",5183,https://en.wikipedia.org/wiki/Ajatashatru
-500,"Cast iron in Ancient China: Confirmed by archaeological evidence, the earliest cast iron is developed in China by the early 5th century BC during the Zhou Dynasty (1122-256 BC), the oldest specimens found in a tomb of Luhe County in Jiangsu province.",7478,https://en.wikipedia.org/wiki/Cast_iron
-480,"Spiral stairs (Temple A) in Selinunte, Sicily (see also List of ancient spiral stairs)",17286,https://en.wikipedia.org/wiki/Spiral_stairs
-407,"Early descriptions of what may be a Wheelbarrow in Greece. First actual depiction of one (tomb mural) shows up in China in 118 AD.",5739,https://en.wikipedia.org/wiki/Wheelbarrow
-400,"Camera obscura described by Mo-tzu (or Mozi) in China.",16252,https://en.wikipedia.org/wiki/Camera_obscura
-400,Traction trebuchet in Ancient China.,16452,https://en.wikipedia.org/wiki/Trebuchet
-400,Gears in Ancient China,16822,https://en.wikipedia.org/wiki/Gear
-400,"Reed pens, utilising a split nib, were used to write with ink on Papyrus in Egypt.",1735,https://en.wikipedia.org/wiki/Reed_pen
-400,"Nailed Horseshoe, with 4 bronze shoes found in an Etruscan tomb.",6608,https://en.wikipedia.org/wiki/Horseshoe
-375 - -350,Animal-driven rotary mill in Carthage.,3490,https://en.wikipedia.org/wiki/Horse_mill
-400,"Corporations in either the Maurya Empire of India or in Ancient Rome (Collegium).",11908,https://en.wikipedia.org/wiki/Corporation
-400,"Cheque in the Maurya Empire of India.",18451,https://en.wikipedia.org/wiki/Cheque
-400,"Potassium nitrate manufacturing and military use in the Seleucid Empire.",12652,https://en.wikipedia.org/wiki/Potassium_nitrate
-400,"Formal systems by Pāṇini in India, possibly during the reign of Chandragupta Maurya.",5911,https://en.wikipedia.org/wiki/Formal_system
-400 - -300,"Zinc production in North-Western India during the Maurya Empire.",4147,https://en.wikipedia.org/wiki/Zinc_mining#History
-300,"Analog computers in the Hellenistic world (see e.g. the Antikythera mechanism), possibly in Rhodes.",11002,https://en.wikipedia.org/wiki/Analog_computers
-300,Canal lock in Canal of the Pharaohs under Ptolemy II (283-246 BC) in Hellenistic Egypt,9096,https://en.wikipedia.org/wiki/Lock_(water_transport)
-300,"Cam during the Hellenistic period, used in water-driven automata.",5848,https://en.wikipedia.org/wiki/Cam_(mechanism)
-300,"Water wheel. The origin is unclear: Indian Pali texts dating to the 4th century BCE refer to the cakkavattaka, which later commentaries describe as arahatta-ghati-yanta (machine with wheel-pots attached). Helaine Selin suggests that the device existed in Persia before 350 BC. The clearest description of the water wheel and Liquid-driven escapement is provided by Philo of Byzantium (c. 280 - 220 BC) in the Hellenistic kingdoms.",16503,https://en.wikipedia.org/wiki/Water_wheel
-300,Gimbal described by Philo of Byzantium,3581,https://en.wikipedia.org/wiki/Gimbal
-300,Dry dock under Ptolemy IV (221-205 BC) in Hellenistic Egypt,5276,https://en.wikipedia.org/wiki/Dry_dock
-300 - -200,"Blast furnace in Ancient China: The earliest discovered blast furnaces in China date to the 3rd and 2nd centuries BC, although most sites are from the later Han dynasty.",12464,https://en.wikipedia.org/wiki/Blast_furnace
-200,Paper in Han dynasty China,14629,https://en.wikipedia.org/wiki/Paper
-206,Compass in Han dynasty China,10728,https://en.wikipedia.org/wiki/Compass
-200,"Astrolabe invented by Apollonius of Perga.",11624,https://en.wikipedia.org/wiki/Astrolabe
-100,"Segmental arch bridge (e.g. Pont-Saint-Martin or Ponte San Lorenzo) in Italy, Roman Republic",7936,https://en.wikipedia.org/wiki/Arch_bridge
-100,"Arch dam (Glanum Dam) in Gallia Narbonensis, Roman Republic (see also List of Roman dams)",2929,https://en.wikipedia.org/wiki/Arch_dam
-40,"Trip hammer in China",4800,https://en.wikipedia.org/wiki/Trip_hammer
-38,"An empty shell Glyph for zero, is found on a Maya numerals Stela, from Chiapa de Corzo, Chiapas. Independently invented by Claudius Ptolemy, in the second century CE Egypt, and appearing in the calculations of the Almagest.",19981,https://en.wikipedia.org/wiki/0#Pre-Columbian_Americas
-37 - -14,"Glass blowing developed in Jerusalem.",7999,https://en.wikipedia.org/wiki/Glass_blowing
-25,"Reverse overshot water wheel by Roman engineers in Rio Tinto, Spain",1491,https://en.wikipedia.org/wiki/Reverse_overshot_water_wheel
-25,Noodle in Lajia in China,9422,https://en.wikipedia.org/wiki/Noodle
0 - 100,"The aeolipile, a simple steam turbine, is recorded by Hero of Alexandria.",2159,https://en.wikipedia.org/wiki/Aeolipile
0 - 100,Vending machines are invented by Hero of Alexandria.,9115,https://en.wikipedia.org/wiki/Vending_machine
0 - 100,The double-entry bookkeeping system is developed in the Roman Empire.,5144,https://en.wikipedia.org/wiki/Double-entry_bookkeeping
132,"Seismometer and pendulum are developed in Han dynasty China, built by Zhang Heng. It is a large metal urn-shaped instrument which employed either a suspended pendulum or inverted pendulum acting on inertia, like the ground tremors from earthquakes, to dislodge a metal ball by a lever trip device.",8664,https://en.wikipedia.org/wiki/Seismometer
100 - 200,Carding is invented in India.,6319,https://en.wikipedia.org/wiki/Carding
200 - 250,Woodblock printing is invented in Han dynasty China sometime before 220 AD. This made China become the world's first print culture.,10837,https://en.wikipedia.org/wiki/Woodblock_printing
275 - 425,Water turbine is invented in the Roman Empire in modern-day Tunisia.,7210,https://en.wikipedia.org/wiki/Water_turbine
280 - 550,"Chaturanga, a precursor of Chess, is invented in India during the Gupta Empire.",9142,https://en.wikipedia.org/wiki/Chaturanga
300 - 400,"Roman Dichroic glass, which displays one of two different colors depending on lighting conditions.",1885,https://en.wikipedia.org/wiki/Dichroic_glass
300 - 400,"Mariner's compass is invented in Tamil Southern India: the first mention of the use of a compass for navigational purposes is found in Tamil nautical texts as the macchayantra. However, the theoretical notion of magnets pointing North predates the device by several centuries.",10728,https://en.wikipedia.org/wiki/Compass
300 - 400,"Simple suspension bridge is independently invented in Pre-Columbian South America, and the Hindu Kush range, of present-day Afghanistan and Pakistan. With Han dynasty travelers noting bridges being constructed from 3 or more vines or 3 ropes. Later bridges constructed utilizing cables of iron chains appeared in Tibet.",5576,https://en.wikipedia.org/wiki/Simple_suspension_bridge#History
300 - 400,"Fishing reel is invented in Ancient China: In literary records, the earliest evidence of the fishing reel comes from a 4th-century AD work entitled Lives of Famous Immortals.",12420,https://en.wikipedia.org/wiki/Fishing_reel
300 - 400,Oil Wells and Borehole drilling are developed in China. Such wells could reach depths of up to 240 m (790 ft).,9054,https://en.wikipedia.org/wiki/Oil_Well
300 - 400,"The construction of the Iron pillar of Delhi in Mathura by the Gupta Empire shows the development of rust-resistant ferrous metallurgy in Ancient India, although original texts do not survive to detail the specific processes invented in this period.",7619,https://en.wikipedia.org/wiki/Iron_pillar_of_Delhi
350 - 450,"The horse collar as a fully developed collar harness is developed in Southern and Northern Dynasties China during the 5th century AD. The earliest depiction of it is a Dunhuang cave mural from the Chinese Northern Wei Dynasty, the painting dated to 477-499.",4823,https://en.wikipedia.org/wiki/Horse_collar
400 - 500,"Pointed arch bridge (Karamagara Bridge) is built in Cappadocia, Eastern Roman Empire",7936,https://en.wikipedia.org/wiki/Pointed_arch_bridge
400 - 600,Incense clock is invented in China.,2495,https://en.wikipedia.org/wiki/Incense_clock
After 500,"Charkha (spinning wheel/cotton gin) is invented in India (probably during the Vakataka dynasty of Maharashtra, India), between 500 and 1000 A.D.",9014,https://en.wikipedia.org/wiki/Charkha_(spinning_wheel)
500 - 600,"Pendentive dome (Hagia Sophia) is built in Constantinople, Eastern Roman Empire",1609,https://en.wikipedia.org/wiki/Pendentive
500 - 600,Sulfur matches exist in China.,7884,https://en.wikipedia.org/wiki/Match#Early_matches
500 - 600,"Toilet paper is invented in Sui dynasty China, first mentioned by the official Yan Zhitui (531-591), with full evidence of continual use in subsequent dynasties.",10144,https://en.wikipedia.org/wiki/Toilet_paper
500 - 600,Toothbrush is invented in China during the Tang Dynasty,9024,https://en.wikipedia.org/wiki/Toothbrush
600 - 700,"Greek fire is invented in Constantinople, Byzantine Empire: Greek fire, an incendiary weapon likely based on petroleum or naphtha, is invented by Kallinikos, a Lebanese Greek refugee from Baalbek, as described by Theophanes. However, the historicity and exact chronology of this account is dubious, and it could be that Kallinikos merely introduced an improved version of an established weapon.",11478,https://en.wikipedia.org/wiki/Greek_fire
700 - 800,"Banknote is invented in Tang dynasty China: The banknote is first developed in China during the Tang and Song dynasties, starting in the 7th century. Its roots are in merchant receipts of deposit during the Tang Dynasty (618-907), as merchants and wholesalers desire to avoid the heavy bulk of copper coinage in large commercial transactions.",17086,https://en.wikipedia.org/wiki/Banknote
700 - 800,"Porcelain is invented in Tang dynasty China: True porcelain is manufactured in northern China from roughly the beginning of the Tang Dynasty in the 7th century, while true porcelain was not manufactured in southern China until about 300 years later, during the early 10th century.",12686,https://en.wikipedia.org/wiki/Porcelain
800 - 900,"Gunpowder is invented in Tang dynasty China: Gunpowder is, according to prevailing academic consensus, discovered in the 9th century by Chinese alchemists searching for an elixir of immortality. Evidence of gunpowder's first use in China comes from the Five Dynasties and Ten Kingdoms period (618-907). The earliest known recorded recipes for gunpowder are written by Zeng Gongliang, Ding Du, and Yang Weide in the Wujing Zongyao, a military manuscript compiled in 1044 during the Song Dynasty (960-1279).",18063,https://en.wikipedia.org/wiki/Gunpowder
800 - 900,Playing card is invented in Tang Dynasty China,15280,https://en.wikipedia.org/wiki/Playing_card
800 - 900,Degree-granting university is established in Morocco,17501,https://en.wikipedia.org/wiki/University
900 - 1000,"Fire lance is invented in Song dynasty China, developed in the 10th century with a tube of first bamboo and later on metal that shot a weak gunpowder blast of flame and shrapnel, its earliest depiction is a painting found at Dunhuang. Fire lance is the earliest firearm in the world and one of the earliest gunpowder weapons.",6351,https://en.wikipedia.org/wiki/Fire_lance
900 - 1000,"Fireworks are invented in Song dynasty China: Fireworks first appear in China during the Song Dynasty (960-1279), in the early age of gunpowder. Fireworks could be purchased from market vendors; these were made of sticks of bamboo packed with gunpowder.",18621,https://en.wikipedia.org/wiki/Fireworks
974,Fountain pen: invented at the request of al-Mu'izz li-Din Allah in Arab Egypt.,15695,https://en.wikipedia.org/wiki/Fountain_pen
1000 - 1100,Early versions of the Bessemer process are developed in China.,7610,https://en.wikipedia.org/wiki/Bessemer_process
1000 - 1100,Endless power-transmitting chain drive by Su Song for the development an astronomical clock (the Cosmic Engine),9040,https://en.wikipedia.org/wiki/Su_Song#The_endless_chain_drive
1000 - 1100,"Movable type is invented in Song dynasty China: The first record of a movable type system is in the Dream Pool Essays, which attributes the invention of the movable type to Bi Sheng.",11101,https://en.wikipedia.org/wiki/Movable_type
1100 - 1200,Ismail al-Jazari invents the elephant clock .,9493,https://en.wikipedia.org/wiki/Ismail_al-Jazari
1200 - 1300,Rocket for military and recreational uses date back to at least 13th-century China.,20908,https://en.wikipedia.org/wiki/Rocket
1200 - 1300,"The earliest form of mechanical escapement, the verge escapement in Europe.",12930,https://en.wikipedia.org/wiki/Mechanical_escapement
1200 - 1300,Buttons (combined with buttonholes) as a functional fastening for closing clothes appear first in Germany.,7479,https://en.wikipedia.org/wiki/Button
1200 - 1300,"Explosive bomb in Jin dynasty Manchuria: Explosive bombs are used in 1221 by the Jin dynasty against a Song Dynasty city. The first accounts of bombs made of cast iron shells packed with explosive gunpowder are documented in the 13th century in China and are called ""thunder-crash bombs"", coined during a Jin dynasty naval battle in 1231.",6244,https://en.wikipedia.org/wiki/Bomb
1200 - 1300,"Hand cannon is invented in Yuan dynasty China: The earliest hand cannon dates to the 13th century based on archaeological evidence from a Heilongjiang excavation. There is also written evidence in the Yuanshi (1370) on Li Tang, an ethnic Jurchen commander under the Yuan Dynasty who in 1288 suppresses the rebellion of the Christian prince Nayan with his ""gun-soldiers"" or chongzu, this being the earliest known event where this phrase is used.",10265,https://en.wikipedia.org/wiki/Hand_cannon
1200 - 1300,Worm gear cotton gin in India.,5517,https://en.wikipedia.org/wiki/Cotton_gin
1277,"Land mine is invented in Song dynasty China: Textual evidence suggests that the first use of a land mine in history is by a Song Dynasty brigadier general known as Lou Qianxia, who uses an 'enormous bomb' (huo pao) to kill Mongol soldiers invading Guangxi in 1277.",18354,https://en.wikipedia.org/wiki/Land_mine
1286,Eyeglasses are invented in Italy,13480,https://en.wikipedia.org/wiki/Eyeglasses
1300 - 1400,Multistage rocket is described in Huolongjing by Jiao Yu during the Ming dynasty China.,10119,https://en.wikipedia.org/wiki/Multistage_rocket
By at least 1326,Cannon is invented in Ming dynasty China,28563,https://en.wikipedia.org/wiki/Cannon
1300 - 1400,"Naval mine is invented in Ming dynasty China: Mentioned in the Huolongjing military manuscript written by Jiao Yu (fl. 14th to early 15th century) and Liu Bowen (1311-1375), describing naval mines used at sea or on rivers and lakes, made of wrought iron and enclosed in an ox bladder. A later model is documented in Song Yingxing's encyclopedia written in 1637.",20961,https://en.wikipedia.org/wiki/Naval_mine
1300 - 1400,Bidriware is invented in the Bahmani Sultanate in India.,4788,https://en.wikipedia.org/wiki/Bidriware
Early 15th century,Coil spring
1620,"Compound microscopes, which combine an objective lens with an eyepiece to view a real image, first appear in Europe. Apparently derived from the telescope, actual inventor unknown, variously attributed to Zacharias Janssen (his son claiming it was invented in 1590), Cornelis Drebbel, and Galileo Galilei.",10023,https://en.wikipedia.org/wiki/Optical_microscope#Compound_microscope
1630,Slide rule: invented by William Oughtred,14109,https://en.wikipedia.org/wiki/Slide_rule
1642,Mechanical calculator. The Pascaline is built by Blaise Pascal.,13446,https://en.wikipedia.org/wiki/Mechanical_calculator
1643,"Barometer: invented by Evangelista Torricelli, or possibly up to three years earlier by Gasparo Berti.",8550,https://en.wikipedia.org/wiki/Barometer
1650,Vacuum pump: Invented by Otto von Guericke.,7513,https://en.wikipedia.org/wiki/Vacuum_pump
1656,Pendulum clock: Invented by Christiaan Huygens. It was first conceptualized in 1637 by Galileo Galilei but he was unable to create a working model.,8421,https://en.wikipedia.org/wiki/Pendulum_clock
1663,Friction machine: Invented by Otto von Guericke.,6529,https://en.wikipedia.org/wiki/Electrostatic_generator
1668,First functional reflecting telescope constructed by Isaac Newton.,7113,https://en.wikipedia.org/wiki/Reflecting_telescope
1679,Pressure-cooker: Invented by Denis Papin.,10343,https://en.wikipedia.org/wiki/Pressure-cooker
1680,Christiaan Huygens provides the first known description of a piston engine.,29337,https://en.wikipedia.org/wiki/Christiaan_Huygens
1698,Thomas Savery developes a steam-powered water pump: for draining mines,4706,https://en.wikipedia.org/wiki/Thomas_Savery
1709,Bartolomeo Cristofori crafts the first piano.,7335,https://en.wikipedia.org/wiki/Bartolomeo_Cristofori
1709,Daniel Gabriel Fahrenheit invents the alcohol thermometer.,4722,https://en.wikipedia.org/wiki/Daniel_Gabriel_Fahrenheit
1712,"Thomas Newcomen builds the first commercial steam engine to pump water out of mines. Newcomen's engine, unlike Thomas Savery's, uses a piston.",4321,https://en.wikipedia.org/wiki/Thomas_Newcomen
1730,Thomas Godfrey and John Hadley independently develop the octant,2356,https://en.wikipedia.org/wiki/Thomas_Godfrey_(inventor)
1733,John Kay enables one person to operate a loom with the flying shuttle,8474,https://en.wikipedia.org/wiki/John_Kay_(flying_shuttle)
1738,Lewis Paul and John Wyatt invent the first mechanized cotton spinning machine.,1309,https://en.wikipedia.org/wiki/Lewis_Paul
1742,Benjamin Franklin invents the Franklin stove.,44965,https://en.wikipedia.org/wiki/Benjamin_Franklin
1745,"Musschenbroek and Kleist independently develop the Leyden jar, an early form of capacitor.",2763,https://en.wikipedia.org/wiki/Pieter_van_Musschenbroek
1746,John Roebuck invents the lead chamber process.,1849,https://en.wikipedia.org/wiki/John_Roebuck
1752,Benjamin Franklin invents the lightning rod.,44965,https://en.wikipedia.org/wiki/Benjamin_Franklin
1755,William Cullen invents the first artificial refrigeration machine.,6580,https://en.wikipedia.org/wiki/William_Cullen
1760,John Joseph Merlin invents the first  Roller skates.,4582,https://en.wikipedia.org/wiki/John_Joseph_Merlin
1764,James Hargreaves invents the spinning jenny.,3401,https://en.wikipedia.org/wiki/James_Hargreaves
1765,James Watt invents the improved steam engine utilizing a separate condenser.,11755,https://en.wikipedia.org/wiki/James_Watt
1767,Joseph Priestley invents a method for the production of carbonated water.,24684,https://en.wikipedia.org/wiki/Joseph_Priestley
1769,"Nicolas-Joseph Cugnot invents the first steam-powered vehicle capable of carrying passengers, an early car.",3841,https://en.wikipedia.org/wiki/Nicolas-Joseph_Cugnot
1770,Richard Salter invents the earliest known design for a weighing scale.,1214,https://en.wikipedia.org/wiki/Richard_Salter_(inventor)
1774,"John Wilkinson invents his boring machine, considered by some to be the first machine tool.",4304,https://en.wikipedia.org/wiki/John_Wilkinson_(industrialist)
1775,Jesse Ramsden invents the modern screw-cutting lathe.,3735,https://en.wikipedia.org/wiki/Jesse_Ramsden
1776,John Wilkinson invents a mechanical air compressor that would become the prototype for all later mechanical compressors.,4304,https://en.wikipedia.org/wiki/John_Wilkinson_(industrialist)
1778,Robert Barron invents the first lever tumbler lock.,472,https://en.wikipedia.org/wiki/Robert_Barron_(locksmith)
1780,Hyder Ali of Mysore develops the first metal-cylinder rockets.,16070,https://en.wikipedia.org/wiki/Hyder_Ali
1783,Claude de Jouffroy builds the first steamboat.,1227,https://en.wikipedia.org/wiki/Claude_de_Jouffroy
1783,Joseph-Ralf and Jacques-Étienne Montgolfier build the first manned hot air balloon.,3795,https://en.wikipedia.org/wiki/Montgolfier_brothers
1785,Martinus van Marum is the first to use the electrolysis technique.,2792,https://en.wikipedia.org/wiki/Martinus_van_Marum
1786,Andrew Meikle invents the threshing machine.,1072,https://en.wikipedia.org/wiki/Andrew_Meikle
1789,Edmund Cartwright invents the power loom.,3013,https://en.wikipedia.org/wiki/Edmund_Cartwright
1790,Thomas Saint invents the sewing machine.,8864,https://en.wikipedia.org/wiki/Sewing_machine
1792,Claude Chappe invents the modern semaphore telegraph.,3465,https://en.wikipedia.org/wiki/Claude_Chappe
1793,Eli Whitney invents the modern cotton gin.,5880,https://en.wikipedia.org/wiki/Eli_Whitney
1795,Joseph Bramah invents the hydraulic press.,2749,https://en.wikipedia.org/wiki/Joseph_Bramah
1796,Alois Senefelder invents the lithography printing technique.,2361,https://en.wikipedia.org/wiki/Alois_Senefelder
1797,Samuel Bentham invents plywood.,2920,https://en.wikipedia.org/wiki/Samuel_Bentham
1799,George Medhurst invents the first motorized air compressor.,981,https://en.wikipedia.org/wiki/George_Medhurst
1799,The first paper machine is invented by Louis-Nicolas Robert.,9751,https://en.wikipedia.org/wiki/Paper_machine
1800,"Alessandro Volta invents the voltaic pile, an early form of battery in Italy, based on previous works by Luigi Galvani.",6985,https://en.wikipedia.org/wiki/Alessandro_Volta
1802,Humphry Davy invents the arc lamp (exact date unclear; not practical as a light source until the invention of efficient electric generators).,18009,https://en.wikipedia.org/wiki/Humphry_Davy
1804,Joseph Marie Jacquard develops his automated Jacquard loom.,3906,https://en.wikipedia.org/wiki/Joseph_Marie_Jacquard
1804,Richard Trevithick invents the steam locomotive.,12319,https://en.wikipedia.org/wiki/Richard_Trevithick
1807,Robert Fulton expands water transportation and trade with the workable steamboat.,8276,https://en.wikipedia.org/wiki/Robert_Fulton
1810,Nicolas Appert invents the canning process for food.,3427,https://en.wikipedia.org/wiki/Nicolas_Appert
1810,Abraham-Louis Breguet creates the first wristwatch.,5320,https://en.wikipedia.org/wiki/Abraham-Louis_Breguet
1811,"Friedrich Koenig invents the first powered printing press, which was also the first to use a cylinder.",1005,https://en.wikipedia.org/wiki/Friedrich_Koenig
1812,William Reid Clanny pioneered the invention of the safety lamp which he improved in later years. Safety lamps based on Clanny's improved design were used until the adoption of electric lamps.,1483,https://en.wikipedia.org/wiki/William_Reid_Clanny
1814,"James Fox invents the modern planing machine, though Matthew Murray of Leeds and Richard Roberts of Manchester have also been credited at times with its invention.",492,https://en.wikipedia.org/wiki/James_Fox_(engineer)
1816,Francis Ronalds builds the first working electric telegraph using electrostatic means.,4859,https://en.wikipedia.org/wiki/Francis_Ronalds
1816,Robert Stirling invents the Stirling engine.,4019,https://en.wikipedia.org/wiki/Robert_Stirling
1817,"Baron Karl von Drais invents the dandy horse, an early velocipede and precursor to the modern bicycle.",2648,https://en.wikipedia.org/wiki/Karl_von_Drais
1818,Marc Isambard Brunel invents the tunnelling shield.,6030,https://en.wikipedia.org/wiki/Marc_Isambard_Brunel
1822,"Thomas Blanchard invents the pattern-tracing lathe (actually more like a shaper). The lathe can copy symmetrical shapes and is used for making gun stocks, and later, ax handles. The lathe's patent is in force for 42 years.",1873,https://en.wikipedia.org/wiki/Thomas_Blanchard_(inventor)
1822,"Charles Babbage, considered the ""father of the computer"", begins building the first programmable mechanical computer.",21947,https://en.wikipedia.org/wiki/Charles_Babbage
1824,Johann Nikolaus von Dreyse invents the bolt-action rifle.,1230,https://en.wikipedia.org/wiki/Johann_Nikolaus_von_Dreyse
1825,William Sturgeon invents the electromagnet.,2235,https://en.wikipedia.org/wiki/William_Sturgeon
1826,John Walker invents the friction match.,1456,https://en.wikipedia.org/wiki/John_Walker_(inventor)
1826,James Sharp invents and goes on to manufacture the first practical gas stove.,7611,https://en.wikipedia.org/wiki/Gas_stove
1828,James Beaumont Neilson develops the hot blast process.,1379,https://en.wikipedia.org/wiki/James_Beaumont_Neilson
1828,Patrick Bell invents the reaping machine.,637,https://en.wikipedia.org/wiki/Patrick_Bell
1829,Louis Braille invents the Braille reading system for the blind.,7794,https://en.wikipedia.org/wiki/Louis_Braille
1829,William Mann invents the compound air compressor.,2935,https://en.wikipedia.org/wiki/Air_compressor
1829,Henry Robinson Palmer is awarded a patent for corrugated galvanised iron.,2573,https://en.wikipedia.org/wiki/Henry_Robinson_Palmer
1830,Edwin Budding invents the lawn mower.,1265,https://en.wikipedia.org/wiki/Edwin_Budding
1831,Michael Faraday invents a method of electromagnetic induction. It would be independently invented by Joseph Henry the following year.,15053,https://en.wikipedia.org/wiki/Michael_Faraday
1834,Moritz von Jacobi invents the first practical electric motor.,2464,https://en.wikipedia.org/wiki/Moritz_von_Jacobi
1835,Joseph Henry invents the electromechanical relay.,9012,https://en.wikipedia.org/wiki/Joseph_Henry
1837,Samuel Morse invents Morse code.,14534,https://en.wikipedia.org/wiki/Samuel_Morse
1838,Moritz von Jacobi invents electrotyping.,2464,https://en.wikipedia.org/wiki/Moritz_von_Jacobi
1839,William Otis invents the steam shovel.,1111,https://en.wikipedia.org/wiki/William_Otis
1839,James Nasmyth invents the steam hammer.,4368,https://en.wikipedia.org/wiki/James_Nasmyth
1839,"Edmond Becquerel invents a method for the photovoltaic effect, effectively producing the first solar cell.",2494,https://en.wikipedia.org/wiki/Edmond_Becquerel
1839,Charles Goodyear invents vulcanized rubber.,4382,https://en.wikipedia.org/wiki/Charles_Goodyear
1839,Louis Daguerre invents daguerreotype photography.,6065,https://en.wikipedia.org/wiki/Louis_Daguerre
1840,John Herschel invents the blueprint.,10130,https://en.wikipedia.org/wiki/John_Herschel
1841,Alexander Bain devises a printing telegraph.,3996,https://en.wikipedia.org/wiki/Alexander_Bain_(inventor)
1842,William Robert Grove invents the first fuel cell.,5022,https://en.wikipedia.org/wiki/William_Robert_Grove
1842,"John Bennet Lawes invents superphosphate, the first man-made fertilizer.",2057,https://en.wikipedia.org/wiki/John_Bennet_Lawes
1844,"Friedrich Gottlob Keller and, independently, Charles Fenerty come up with the wood pulp method of paper production.",2830,https://en.wikipedia.org/wiki/Friedrich_Gottlob_Keller
1845,Isaac Charles Johnson invents modern Portland cement.,1037,https://en.wikipedia.org/wiki/Isaac_Charles_Johnson
1846,Henri-Joseph Maus invents the tunnel boring machine.,6574,https://en.wikipedia.org/wiki/Tunnel_boring_machine
1847,"Ascanio Sobrero invents Nitroglycerin, the first explosive made that was stronger than black powder.",2033,https://en.wikipedia.org/wiki/Ascanio_Sobrero
1848,Jonathan J. Couch invents the pneumatic drill.,5137,https://en.wikipedia.org/wiki/Jackhammer
1848,Linus Yale Sr. invents the first modern pin tumbler lock.,6460,https://en.wikipedia.org/wiki/Linus_Yale_Jr.
1849,Walter Hunt invents the first repeating rifle to use metallic cartridges (of his own design) and a spring-fed magazine.,6527,https://en.wikipedia.org/wiki/Walter_Hunt_(inventor)
1849,James B. Francis invents the Francis turbine.,5197,https://en.wikipedia.org/wiki/James_B._Francis
1849,Walter Hunt invents the Safety pin.,6527,https://en.wikipedia.org/wiki/Walter_Hunt_(inventor)
1850,William Armstrong invents the hydraulic accumulator.,6738,"https://en.wikipedia.org/wiki/William_Armstrong,_1st_Baron_Armstrong"
1851,"George Jennings offers the first public flush toilets, accessible for a penny per visit, and in 1852 receives a UK patent for the single piece, free standing, earthenware, trap plumed, flushing, water-closet.",2758,https://en.wikipedia.org/wiki/George_Jennings
1852,Robert Bunsen is the first to use a chemical vapor deposition technique.,4597,https://en.wikipedia.org/wiki/Robert_Bunsen
1852,Elisha Otis invents the safety brake elevator.,2289,https://en.wikipedia.org/wiki/Elisha_Otis
1852,"Henri Giffard becomes the first person to make a manned, controlled and powered flight using a dirigible.",2097,https://en.wikipedia.org/wiki/Henri_Giffard
1853,François Coignet invents reinforced concrete.,11266,https://en.wikipedia.org/wiki/Reinforced_concrete
1855,"James Clerk Maxwell invents the first practical method for color photography, whether chemical or electronic.",16133,https://en.wikipedia.org/wiki/James_Clerk_Maxwell
1855,"Henry Bessemer patents the Bessemer process for making steel, with improvements made by others over the following years.",4471,https://en.wikipedia.org/wiki/Henry_Bessemer
1856,"Alexander Parkes invents parkesine, also known as celluloid, the first man-made plastic.",1891,https://en.wikipedia.org/wiki/Alexander_Parkes
1856,"James Harrison produces the world's first practical ice making machine and refrigerator using the principle of vapour compression in Geelong, Australia.",2545,https://en.wikipedia.org/wiki/James_Harrison_(engineer)
1856,"William Henry Perkin invents mauveine, the first synthetic dye.",4053,https://en.wikipedia.org/wiki/William_Henry_Perkin
1857,Heinrich Geissler invents the Geissler tube.,1277,https://en.wikipedia.org/wiki/Heinrich_Geissler
1857,"The phonautograph, the earliest known device for recording sound is patented and invented by Frenchman Édouard-Léon Scott de Martinville.",5140,https://en.wikipedia.org/wiki/Phonautograph
1860,Joseph Swan produces carbon fibers.,5909,https://en.wikipedia.org/wiki/Joseph_Swan
1864,Louis Pasteur invents the pasteurization process.,25087,https://en.wikipedia.org/wiki/Louis_Pasteur
1865,Carl Wilhelm Siemens and Pierre-Émile Martin invented the Siemens-Martin process for making steel.,4248,https://en.wikipedia.org/wiki/Carl_Wilhelm_Siemens
1867,"Alfred Nobel invents dynamite, the first safely manageable explosive stronger than black powder.",9239,https://en.wikipedia.org/wiki/Alfred_Nobel
1867,"Lucien B. Smith invents barbed wire, which Joseph F. Glidden will modify in 1874, leading to the taming of the West and the end of the cowboys.",13892,https://en.wikipedia.org/wiki/Barbed_wire
1872,"Polyvinyl chloride, more commonly known as vinyl, is synthesized by German chemist Eugen Baumann",11459,https://en.wikipedia.org/wiki/Polyvinyl_chloride
1872,J.E.T. Woods and J. Clark invented stainless steel. Harry Brearley was the first to commercialize it.,19700,https://en.wikipedia.org/wiki/Stainless_steel
1873,Frederick Ransome invents the rotary kiln.,1405,https://en.wikipedia.org/wiki/Frederick_Ransome
1873,"William Crookes, a chemist, invents the Crookes radiometer as the by-product of some chemical research.",10128,https://en.wikipedia.org/wiki/William_Crookes
1875,"Fyodor Pirotsky invents the first electric tram near Saint Petersburg, Russia.",1870,https://en.wikipedia.org/wiki/Fyodor_Pirotsky
1876,Nicolaus August Otto invents the four-stroke cycle.,3025,https://en.wikipedia.org/wiki/Nicolaus_August_Otto
1876,"Alexander Graham Bell has a patent granted for the telephone. However, other inventors before Bell had worked on the development of the telephone and the invention had several pioneers.",32032,https://en.wikipedia.org/wiki/Alexander_Graham_Bell
1877,Thomas Edison invents the first working phonograph.,27013,https://en.wikipedia.org/wiki/Thomas_Edison
1878,Henry Fleuss is granted a patent for the first practical rebreather.,13108,https://en.wikipedia.org/wiki/Henry_Fleuss
1878,Lester Allan Pelton invents the Pelton wheel.,2725,https://en.wikipedia.org/wiki/Lester_Allan_Pelton
1879,"Joseph Swan and Thomas Edison both patent a functional incandescent light bulb. Some two dozen inventors had experimented with electric incandescent lighting over the first three-quarters of the 19th century but never came up with a practical design. Swan's, which he had been working on since the 1860s, had a low resistance so was only suited for small installations. Edison designed a high-resistance bulb as part of a large-scale commercial electric lighting utility.",5909,https://en.wikipedia.org/wiki/Joseph_Swan
1881,"Nikolay Benardos presents carbon arc welding, the first practical arc welding method.",1068,https://en.wikipedia.org/wiki/Nikolay_Benardos
1884,"Hiram Maxim invents the recoil-operated Maxim gun, ushering in the age of semi- and fully automatic firearms.",6623,https://en.wikipedia.org/wiki/Hiram_Maxim
1884,"Paul Vieille invents Poudre B, the first smokeless powder for firearms.",906,https://en.wikipedia.org/wiki/Paul_Vieille
1884,Sir Charles Parsons invents the modern steam turbine.,6340,https://en.wikipedia.org/wiki/Charles_Algernon_Parsons
1885,John Kemp Starley invents the modern safety bicycle.,2043,https://en.wikipedia.org/wiki/John_Kemp_Starley
1886,"Carl Gassner invents the zinc-carbon battery, the first dry cell battery, making portable electronics practical.",1740,https://en.wikipedia.org/wiki/Carl_Gassner
1886,Charles Martin Hall and independently Paul Héroult invent the Hall-Héroult process for economically producing aluminum in 1886.,3604,https://en.wikipedia.org/wiki/Charles_Martin_Hall
1886,Karl Benz invents the first petrol or gasoline powered auto-mobile (car).,8823,https://en.wikipedia.org/wiki/Karl_Benz
1887,Carl Josef Bayer invents the Bayer process for the production of alumina.,1948,https://en.wikipedia.org/wiki/Carl_Josef_Bayer
1887,James Blyth invents the first wind turbine used for generating electricity.,2400,https://en.wikipedia.org/wiki/James_Blyth_(engineer)
1887,"John Stewart MacArthur, working in collaboration with brothers Dr. Robert and Dr. William Forrest develops the process of gold cyanidation.",780,https://en.wikipedia.org/wiki/John_Stewart_MacArthur
1888,John J. Loud invents the ballpoint pen.,1839,https://en.wikipedia.org/wiki/John_J._Loud
1888,Thomas Edison and William Kennedy Dickson invents Kinetoscope.,27013,https://en.wikipedia.org/wiki/Thomas_Edison
1888,Heinrich Hertz publishes a conclusive proof of James Clerk Maxwell's electromagnetic theory in experiments that also demonstrate the existence of radio waves. The effects of electromagnetic waves had been observed by many people before this but no usable theory explaining them existed until Maxwell.,9419,https://en.wikipedia.org/wiki/Heinrich_Hertz
1888,"The first practical pneumatic tire was made by Scotsman John Boyd Dunlop, the patent was from 1847 by Robert William Thomson",20617,https://en.wikipedia.org/wiki/Pneumatic_tire
1890,Robert Gair would invent the pre-cut cardboard box.,745,https://en.wikipedia.org/wiki/Robert_Gair
1891,Whitcomb Judson invents the zipper.,2970,https://en.wikipedia.org/wiki/Whitcomb_Judson
1892,Thomas Ahearn invents the electric oven.,2762,https://en.wikipedia.org/wiki/Thomas_Ahearn
1893,Rudolf Diesel invents the diesel engine (although Herbert Akroyd Stuart had experimented with compression ignition before Diesel).,4437,https://en.wikipedia.org/wiki/Rudolf_Diesel
1895,Guglielmo Marconi invents a system of wireless communication using radio waves.,20283,https://en.wikipedia.org/wiki/Guglielmo_Marconi
1898,"Hans von Pechmann synthesizes polyethylene, now the most common plastic in the world.",1561,https://en.wikipedia.org/wiki/Hans_von_Pechmann
1899,Waldemar Jungner invents the rechargeable nickel-cadmium battery (NiCd) as well as the nickel-iron electric storage battery (NiFe) and the rechargeable alkaline silver-cadmium battery (AgCd),1331,https://en.wikipedia.org/wiki/Waldemar_Jungner
1900,The first Zeppelin is designed by Theodor Kober.,20647,https://en.wikipedia.org/wiki/Zeppelin
1901,"The first motorized cleaner using suction, a powered ""vacuum cleaner"", is patented independently by Hubert Cecil Booth and David T. Kenney.",10139,https://en.wikipedia.org/wiki/Vacuum_cleaner
1903,The first successful gas turbine is invented by Ægidius Elling.,18084,https://en.wikipedia.org/wiki/Gas_turbine
1903,Édouard Bénédictus invents laminated glass.,4299,https://en.wikipedia.org/wiki/Laminated_glass
1903,"First sustained and controlled heavier-than-air powered flight achieved by an airplane flown at Kitty Hawk, North Carolina by Orville and Wilbur Wright. See Claims to the first powered flight.",11225,https://en.wikipedia.org/wiki/Airplane
1904,"The Fleming valve, the first vacuum tube and diode, is invented by John Ambrose Fleming.",3735,https://en.wikipedia.org/wiki/Fleming_valve
1907,The first free flight of a rotary-wing aircraft is carried out by Paul Cornu.,1063,https://en.wikipedia.org/wiki/Paul_Cornu
1907,"Leo Baekeland invents bakelite,  the first plastic made from synthetic components.",7011,https://en.wikipedia.org/wiki/Leo_Baekeland
1908,Cellophane is invented by Jacques E. Brandenberger.,2959,https://en.wikipedia.org/wiki/Cellophane
1909,Fritz Haber invents the Haber process.,13901,https://en.wikipedia.org/wiki/Fritz_Haber
1909,"The first instantaneous transmission of images, or television broadcast, is carried out by Georges Rignoux and A. Fournier.",40648,https://en.wikipedia.org/wiki/Television
1911,"The cloud chamber, the first particle detector, is invented by Charles Thomson Rees Wilson.",4594,https://en.wikipedia.org/wiki/Cloud_chamber
1912,The first use of articulated trams by Boston Elevated Railway.,29799,https://en.wikipedia.org/wiki/Tram
1913,The Bergius process is developed by Friedrich Bergius.,2027,https://en.wikipedia.org/wiki/Bergius_process
1913,The Kaplan turbine is invented by Viktor Kaplan.,2628,https://en.wikipedia.org/wiki/Kaplan_turbine
1915,"Harry Brearley invents a process to create Martensitic stainless steel, initially labelled Rustless Steel, later marketed as Staybrite, and AISI Type 420.",2509,https://en.wikipedia.org/wiki/Harry_Brearley
1915,"The first operational military tanks are designed in Great Britain and France. They are used in battle from 1916 and 1917 respectively. The designers in Great Britain are Walter Wilson and William Tritton and in France, Eugène Brillié. (Although it is known that vehicles incorporating at least some of the features of the tank were designed in a number of countries from 1903 onward, none reached a practical form.)",28127,https://en.wikipedia.org/wiki/Tanks
1916,"The Czochralski process, widely used for the production of single crystal silicon, is invented by Jan Czochralski.",3957,https://en.wikipedia.org/wiki/Czochralski_process
1917,The crystal oscillator is invented by Alexander M. Nicholson using a crystal of Rochelle Salt although his priority was disputed by Walter Guyton Cady.,17135,https://en.wikipedia.org/wiki/Crystal_oscillator
1926,"The Yagi-Uda Antenna or simply Yagi Antenna is invented by Shintaro Uda of Tohoku Imperial University, assisted by his colleague Hidetsugu Yagi. The Yagi Antenna was widely used during World War II. After the war they saw extensive development as home television antennas.",10101,https://en.wikipedia.org/wiki/Yagi-Uda_Antenna
1926,Robert H. Goddard launches the first liquid fueled rocket.,24661,https://en.wikipedia.org/wiki/Robert_H._Goddard
1926,"Harry Ferguson, patents the Three-point hitch equipment linkage system for tractors.",4690,https://en.wikipedia.org/wiki/Harry_Ferguson
1926,John Logie Baird demonstrates the world's first live working television system.,8014,https://en.wikipedia.org/wiki/John_Logie_Baird
1927,The quartz clock is invented by Warren Marrison and J.W. Horton at Bell Telephone Laboratories.,9710,https://en.wikipedia.org/wiki/Quartz_clock
1928,"Penicillin is first observed to exude antibiotic substances by Nobel laureate Alexander Fleming. Development of medicinal penicillin is attributed to a team of medics and scientists including Howard Walter Florey, Ernst Chain and Norman Heatley.",20505,https://en.wikipedia.org/wiki/Penicillin
1928,"Frank Whittle formally submitted his ideas for a turbo-jet engine. In October 1929, he developed his ideas further. On 16 January 1930, Whittle submitted his first patent (granted in 1932).",15007,https://en.wikipedia.org/wiki/Frank_Whittle
1928,Philo Farnsworth demonstrates the first practical electronic television to the press.,14223,https://en.wikipedia.org/wiki/Philo_Farnsworth
1929,The ball screw is invented by Rudolph G. Boehm.,4488,https://en.wikipedia.org/wiki/Ball_screw
1930,The Supersonic combusting ramjet — Frank Whittle.,14267,https://en.wikipedia.org/wiki/Supersonic_combusting_ramjet
1930,The Phase-contrast microscopy is invented by Frits Zernike.,2935,https://en.wikipedia.org/wiki/Phase-contrast_microscopy
1931,The electron microscope is invented by Ernst Ruska.,10477,https://en.wikipedia.org/wiki/Electron_microscope
1933,FM radio is patented by inventor Edwin H. Armstrong.,13257,https://en.wikipedia.org/wiki/FM_radio
1935,"Nylon, the first fully synthetic fiber is produced by Wallace Carothers while working at DuPont.",16928,https://en.wikipedia.org/wiki/Nylon
1938,"Z1, built by Konrad Zuse, is the first freely programmable computer in the world.",2914,https://en.wikipedia.org/wiki/Z1_(computer)
1938,"Nuclear fission discovered in experiment by chemists Otto Hahn and Fritz Strassmann and physicists Lise Meitner and Otto Robert Frisch. The German nuclear energy project was based on this research. The Tube Alloys project and, subsequently, the Manhattan Project and the Soviet atomic bomb project were influenced by this research.",19104,https://en.wikipedia.org/wiki/Nuclear_fission
1939,G. S. Yunyev or Naum Gurvich invented the electric current defibrillator,1025,https://en.wikipedia.org/wiki/Naum_Gurvich
1940,Pu-239 isotope (isotope of plutonium) a form of matter existing with the capacity for use as a destructive element (because the isotope has an exponentially increasing spontaneous fissile decay) within nuclear devices — Glenn Seaborg.,10123,https://en.wikipedia.org/wiki/Isotopes_of_plutonium#Notable_isotopes
1940,"John Randall and Harry Boot would develop the high power, microwave generating, cavity magnetron, later applied to commercial Radar and Microwave oven appliances.",4803,https://en.wikipedia.org/wiki/John_Randall_(physicist)
1941,Polyester is invented by John Rex Whinfield and James Dickson.,11873,https://en.wikipedia.org/wiki/Polyester
1942,"The V-2 rocket, the world's first long range ballistic missile, developed by engineer Wernher von Braun.",19215,https://en.wikipedia.org/wiki/V-2_rocket
1945,"The atomic bomb is developed by the Manhattan Project and swiftly deployed in August 1945 in the atomic bombings of Hiroshima and Nagasaki, effectively ending World War II.",38524,https://en.wikipedia.org/wiki/Manhattan_Project
1945,"Percy Spencer, while employed at Raytheon, would patent a magnetron based microwave oven.",1852,https://en.wikipedia.org/wiki/Percy_Spencer
1946,"James Martin invents the ejector seat, inspired by the death of his friend and test pilot Captain Valentine Baker in an aeroplane crash in 1942.",1388,https://en.wikipedia.org/wiki/James_Martin_(engineer)
1947,Holography is invented by Dennis Gabor.,15404,https://en.wikipedia.org/wiki/Holography
1947,Floyd Farris and J.B. Clark (Stanolind Oil and Gas Corporation) invents hydraulic fracturing technology.,8040,https://en.wikipedia.org/wiki/Stanolind_Oil_and_Gas_Corporation
1947,"The first transistor, a bipolar point-contact transistor, is invented by John Bardeen and Walter Brattain under the supervision of William Shockley at Bell Labs.",18239,https://en.wikipedia.org/wiki/Transistor
1948,The first atomic clock is developed at the National Bureau of Standards.,28806,https://en.wikipedia.org/wiki/Atomic_clock
1948,"Basic oxygen steelmaking is developed by Robert Durrer. The vast majority of steel manufactured in the world is produced using the basic oxygen furnace; in 2000, it accounted for 60% of global steel output.",3560,https://en.wikipedia.org/wiki/Basic_oxygen_steelmaking
1950,"Bertie the Brain, debatably the first video game, is displayed to the public at the Canadian National Exhibition.",2533,https://en.wikipedia.org/wiki/Bertie_the_Brain
1950,The Toroidal chamber with axial magnetic fields (the Tokamak) is developed by Igor E. Tamm and Andrei D. Sakharov.,24993,https://en.wikipedia.org/wiki/Tokamak
1952,The float glass process is developed by Alastair Pilkington.,3908,https://en.wikipedia.org/wiki/Float_glass
1952,The first thermonuclear weapon is developed.,21245,https://en.wikipedia.org/wiki/Thermonuclear_weapon
1953,"The first video tape recorder, a helical scan recorder, is invented by Norikazu Sawazaki.",5056,https://en.wikipedia.org/wiki/Video_tape_recorder
1954,"Invention of the solar battery by Bell Telephone scientists, Calvin Souther Fuller, Daryl Chapin and Gerald Pearson capturing the Sun's power. First practical means of collecting energy from the Sun and turning it into a current of electricity.",2050,https://en.wikipedia.org/wiki/Calvin_Souther_Fuller
1955,The hovercraft is patented by Christopher Cockerell.,14212,https://en.wikipedia.org/wiki/Hovercraft
1955,The intermodal container is developed by Malcom McLean.,19181,https://en.wikipedia.org/wiki/Intermodal_container
1956,The hard disk drive is invented by IBM.,28866,https://en.wikipedia.org/wiki/Hard_disk_drive
1957,The laser and optical amplifier are invented and named by Gordon Gould and Charles Townes. The laser and optical amplifier are foundational to powering the Internet.,21218,https://en.wikipedia.org/wiki/Laser
1957,"The first personal computer used by one person and controlled by a keyboard, the IBM 610, is invented in 1957 by IBM.",15942,https://en.wikipedia.org/wiki/Personal_computer
1957,"The first artificial satellite, Sputnik 1, is launched.",9686,https://en.wikipedia.org/wiki/Satellite
1958 - 1959,The integrated circuit is independently invented by Jack Kilby and Robert Noyce.,22895,https://en.wikipedia.org/wiki/Integrated_circuit
1959,"The MOSFET (MOS transistor) is invented by the Egyptian Mohamed Atalla and the Korean Dawon Kahng at Bell Labs. It is used in almost all modern electronic products. It was smaller, faster, more reliable and cheaper to manufacture than earlier bipolar transistors, leading to a revolution in computers, controls and communication.",19267,https://en.wikipedia.org/wiki/MOSFET
1960,The first functioning laser is invented by Theodore Maiman.,21218,https://en.wikipedia.org/wiki/Laser
1963,The first electronic cigarette is created by Herbert A. Gilbert. Hon Lik is often credited with its invention as he developed the modern electronic cigarette and was the first to commercialize it.,44419,https://en.wikipedia.org/wiki/Electronic_cigarette
1964,"Shinkansen, the first high-speed rail commercial passenger service.",27068,https://en.wikipedia.org/wiki/Shinkansen
1965,Kevlar is invented by Stephanie Kwolek at DuPont.,7863,https://en.wikipedia.org/wiki/Kevlar
1969,"ARPANET and the NPL network implement packet switching, drawing on the concepts and designs of Donald Davies, and Paul Baran.",17807,https://en.wikipedia.org/wiki/ARPANET#ARPANET_deployed
1970s,"Public-key cryptography is invented and developed by James H. Ellis, Clifford Cocks, Malcolm J. Williamson, Whitfield Diffie, Martin Hellman, Ralph Merkle, Ron Rivest, Adi Shamir, Leonard Adleman, et al.",6702,https://en.wikipedia.org/wiki/Public-key_cryptography
1970,The pocket calculator is invented.,14703,https://en.wikipedia.org/wiki/Calculator#Pocket_calculators
1971,"The first single-chip microprocessor, the Intel 4004, is invented. Its development was led by Federico Faggin, using his silicon-gate MOS technology. This led to the personal computer (PC) revolution.",17403,https://en.wikipedia.org/wiki/Microprocessor
1971,"The first space station, Salyut 1 is launched.",19274,https://en.wikipedia.org/wiki/Space_station
1972,"The first video game console, used primarily for playing video games on a TV, is the Magnavox Odyssey.",18613,https://en.wikipedia.org/wiki/Video_game_console
1973,The first fiber optic communication systems were developed by Optelecom.,817,https://en.wikipedia.org/wiki/Optelecom
1973,The first commercial graphical user interface is introduced in 1973 on the Xerox Alto. The modern GUI is later popularized by the Xerox Star and Apple Lisa.,7253,https://en.wikipedia.org/wiki/Graphical_user_interface
1973,The first capacitive touchscreen is developed at CERN.,20250,https://en.wikipedia.org/wiki/Touchscreen#Capacitive
1974,"The Transmission Control Program is proposed by Vinton Cerf and Robert E. Kahn, building on the work of Louis Pouzin, creating the basis for the modern Internet.",4213,https://en.wikipedia.org/wiki/Transmission_Control_Program
1974,"The lithium-ion battery is invented by M. Stanley Whittingham, and further developed in the 1980s and 1990s by John B. Goodenough, Rachid Yazami and Akira Yoshino. It has impacted modern consumer electronics and electric vehicles.",34520,https://en.wikipedia.org/wiki/Lithium-ion_battery
1977,Dr Walter Gilbert and Frederick Sanger invented a new DNA sequencing method for which they won the Nobel Prize.,22663,https://en.wikipedia.org/wiki/Nobel_Prize
1977,The first self-driving car that did not rely upon rails or wires under the road is designed by the Tsukuba Mechanical Engineering Laboratory.,30748,https://en.wikipedia.org/wiki/Self-driving_car
1978,"The Global Positioning System (GPS) enters service. While not the first Satellite navigation system, it is the first to enter widespread civilian use.",37154,https://en.wikipedia.org/wiki/Global_Positioning_System
1979,"The first handheld game console with interchangeable game cartridges, the Microvision is released.",7293,https://en.wikipedia.org/wiki/Microvision
1979,"Public dialup information, messaging and e-commerce services, were pioneered through CompuServe and RadioShack's MicroNET, and the UK's Post Office Telecommunications Prestel services.",12107,https://en.wikipedia.org/wiki/CompuServe
1980,Flash memory (both NOR and NAND types) is invented by Fujio Masuoka while working for Toshiba. It is formally introduced to the public in 1984.,30018,https://en.wikipedia.org/wiki/Flash_memory
1981,"The first reusable spacecraft, the Space Shuttle undergoes test flights ahead of full operation in 1982.",31539,https://en.wikipedia.org/wiki/Space_Shuttle
1981,"Kane Kramer develops the credit card sized, IXI digital media player.",908,https://en.wikipedia.org/wiki/Kane_Kramer
1982,"A CD-ROM contains data accessible to, but not writable by, a computer for data storage and music playback. The 1985 Yellow Book standard developed by Sony and Philips adapted the format to hold any form of binary data.",8909,https://en.wikipedia.org/wiki/CD-ROM
1982,"Direct to home satellite television transmission, with the launch of Sky One service.",19309,https://en.wikipedia.org/wiki/Satellite_television
1982,"The first laptop computer is launched, the 8/16-bit Epson HX-20.",18639,https://en.wikipedia.org/wiki/Laptop
1983,Stereolithography is invented by Chuck Hull.,4733,https://en.wikipedia.org/wiki/Stereolithography
1984,"The first commercially available cell phone, the DynaTAC 8000X, is created by Motorola.",17439,https://en.wikipedia.org/wiki/Cell_phone
1984,DNA profiling is pioneered by Alec Jeffreys.,18718,https://en.wikipedia.org/wiki/DNA_profiling
1989,"Karlheinz Brandenburg would publish the audio compression algorithms that would be standardised as the: MPEG-1, layer 3 (mp3), and later the MPEG-2, layer 7 Advanced Audio Compression (AAC).",4069,https://en.wikipedia.org/wiki/Karlheinz_Brandenburg
1989,The World Wide Web is invented by computer scientist Tim Berners-Lee.,17857,https://en.wikipedia.org/wiki/World_Wide_Web
1990,The Neo Geo AES becomes the first video game system to launch that used Memory Cards,9396,https://en.wikipedia.org/wiki/Neo_Geo_AES
1990,"The first search engine invented was “Archie”, created by Alan Emtage a student at McGill University in Montreal",1865,https://en.wikipedia.org/wiki/Archie_(search_engine)
1991,The first commercial flash-based solid-state drive is launched by SunDisk.,31072,https://en.wikipedia.org/wiki/Solid-state_drive
1991,"The first sim card is developed by Munich smart-card maker Giesecke & Devrient,",11119,https://en.wikipedia.org/wiki/Sim_card
1994,"IBM Simon, World's first smartphone is developed by IBM.",4933,https://en.wikipedia.org/wiki/IBM_Simon
1994,First generation of Bluetooth is developed by Ericsson Mobile. A form of data communication on short distances between electronic devices.,24847,https://en.wikipedia.org/wiki/Bluetooth
1994,A Tetris variant on the Hagenuk MT-2000 device becomes the first mobile game,18578,https://en.wikipedia.org/wiki/Tetris
1995,"DVD is an optical disc storage format, invented and developed by Philips, Sony, Toshiba, and Panasonic in 1995. DVDs offer higher storage capacity than compact discs while having the same dimensions.",15981,https://en.wikipedia.org/wiki/DVD
1995,Match.com launches as the first dating site ever and is the number 1 most visited dating site in the US,2833,https://en.wikipedia.org/wiki/Match.com
1995,Waiter.com launches as the first online food ordering service,1536,https://en.wikipedia.org/wiki/Waiter.com
1996,Ciena deploys the first commercial wave division multiplexing system in partnership with Sprint. This created the massive capacity of the internet.,9369,https://en.wikipedia.org/wiki/Ciena
1996,Mobile web was first commercially offered in Finland on the Nokia 9000 Communicator phone and it was also the first phone with texting,4815,https://en.wikipedia.org/wiki/Nokia_9000_Communicator
1996,Bolt and Six Degrees (1997) both become the first social media sites,3384,https://en.wikipedia.org/wiki/Bolt_(website)
1997,"The first weblog, a discussion or informational website, is created by Jorn Barger, later shortened to ""blog"" in 1999 by Peter Merholz.",5355,https://en.wikipedia.org/wiki/Jorn_Barger
1998,The first portable MP3 player is released by SaeHan Information Systems.,15906,https://en.wikipedia.org/wiki/MP3_player
1999,"The first digital video recorder (DVR), the TiVo, is launched by Xperi.",9333,https://en.wikipedia.org/wiki/Digital_video_recorder
1999,"NTT DoCoMo launches i-mode, the first integrated Online App store for mobile phones",8335,https://en.wikipedia.org/wiki/NTT_DoCoMo
2000,Sony develops the first prototypes for the Blu-ray optical disc format. The first prototype player was released in 2004.,29510,https://en.wikipedia.org/wiki/Sony
2000,"First documented placement of Geocaching, an outdoor recreational activity, in which participants use a Global Positioning System (GPS) receiver or mobile device and other navigational techniques to hide and seek containers, took place on May 3, 2000, by Dave Ulmer of Beavercreek, Oregon.",17354,https://en.wikipedia.org/wiki/Geocaching
2001,The Xbox Launches and is the first game console with internal storage,21755,https://en.wikipedia.org/wiki/Xbox
2004,"First podcast, invented by Adam Curry and Dave Winer, is a program made available in digital format for download over the Internet and it usually features one or more recurring hosts engaged in a discussion about a particular topic or current event.",10016,https://en.wikipedia.org/wiki/Podcast
2005,"YouTube, the first popular video-streaming site, was founded",64346,https://en.wikipedia.org/wiki/YouTube
2007,Netflix debuted the first popular video-on-demand service,51942,https://en.wikipedia.org/wiki/Netflix
2007,The Bank of Scotland develops the worlds first banking app,11934,https://en.wikipedia.org/wiki/Bank_of_Scotland
2007,"SoundCloud, the first on-demand service to focus on music is debuted",9051,https://en.wikipedia.org/wiki/SoundCloud
2007,"First Kindle introduced by Amazon (company) founder and CEO Jeff Bezos, who instructed the company's employees to build the world's best e-reader before Amazon's competitors could. Amazon originally used the codename Fiona for the device. This hardware evolved from the original Kindle introduced in 2007 and the Kindle DX (with its larger 9.7"" screen) introduced in 2009.",30665,https://en.wikipedia.org/wiki/Amazon_Kindle
2008,Satoshi Nakamoto develops the first blockchain.,8113,https://en.wikipedia.org/wiki/Satoshi_Nakamoto
2009,The Zeebo is released becoming the first digital-only video game console,6877,https://en.wikipedia.org/wiki/Zeebo
2010,"The first solar sail based spacecraft, IKAROS.",17949,https://en.wikipedia.org/wiki/Solar_sail
2010,The first quantum machine,4580,https://en.wikipedia.org/wiki/Quantum_machine
2010,"The first synthetic organism, Mycoplasma laboratorium is created by the J. Craig Venter Institute.",32127,https://en.wikipedia.org/wiki/Synthetic_biology
2011,"Twitch, launches as the first live-streaming service.",32331,https://en.wikipedia.org/wiki/Twitch_(service)
2011,HIV treatment as prevention (HPTN 052),1832,https://en.wikipedia.org/wiki/HPTN_052
2012,Discovery of the Higgs boson,47543,https://en.wikipedia.org/wiki/Higgs_boson
2013,Cancer immunotherapy,18935,https://en.wikipedia.org/wiki/Cancer_immunotherapy
2014,"The first known ""NFT"", Quantum, was created by Kevin McCoy and Anil Dash in May 2014, that explicitly linked a non-fungible, tradable blockchain marker to a work of art, via on-chain metadata (enabled by Namecoin).",21459,https://en.wikipedia.org/wiki/NFT
2015,CRISPR genome-editing method,32251,https://en.wikipedia.org/wiki/CRISPR
2016,"The Laser Interferometer Gravitational-Wave Observatory makes the first observation of gravitational waves, fulfilling Einstein's prediction",17368,https://en.wikipedia.org/wiki/Laser_Interferometer_Gravitational-Wave_Observatory
2018,Single cell sequencing,13962,https://en.wikipedia.org/wiki/Single_cell_sequencing
2019,"IBM launches IBM Q System One, its first integrated quantum computing system for commercial use.",24624,https://en.wikipedia.org/wiki/IBM
2020,The first RNA vaccine to be approved by public health medicines regulators is co-developed by Pfizer and BioNTech for COVID-19.,29688,https://en.wikipedia.org/wiki/RNA_vaccine
2022,Pfizer develops the world's first pill for COVID,29277,https://en.wikipedia.org/wiki/Pfizer
